Nine Months Results of Apollo Hospitals Enterprises (in Rs. Cr.),Dec '08,Dec '07,Dec '06,Dec '05,Dec '04,
Net Sales/Income from operations,"1,066.90",819.80,657.60,515.80,431.40,
Other Operating Income,--,--,--,--,--,
Total Income From Operations,"1,066.90",--,--,--,--,
EXPENDITURE,,,,,,
Consumption of Raw Materials,563.56,422.20,334.50,260.60,215.30,
Purchase of Traded Goods,--,--,--,--,--,
Increase/Decrease in Stocks,--,--,--,--,--,
Power & Fuel,--,--,--,--,--,
Employees Cost,157.60,120.00,94.40,71.20,58.50,
Depreciation,31.45,26.50,22.50,19.20,17.00,
Excise Duty,--,--,--,--,--,
Admin. And Selling Expenses,147.62,111.50,91.40,65.90,56.60,
R & D Expenses,--,--,--,--,--,
Provisions And Contingencies,--,--,--,--,--,
Exp. Capitalised,--,--,--,--,--,
Other Expenses,31.53,29.90,27.40,24.20,22.10,
"P/L Before Other Inc. , Int., Excpt. Items & Tax",135.14,--,--,--,--,
Other Income,16.85,18.40,5.10,8.10,7.40,
"P/L Before Int., Excpt. Items & Tax",151.99,--,--,--,--,
Interest,17.35,14.90,11.90,9.00,11.80,
P/L Before Exceptional Items & Tax,134.64,--,--,--,--,
Exceptional Items,--,--,--,--,--,
P/L Before Tax,134.64,--,--,--,--,
Tax,41.69,33.30,27.70,22.30,20.70,
P/L After Tax from Ordinary Activities,92.95,--,--,--,--,
Prior Year Adjustments,--,--,--,--,--,
Extra Ordinary Items,-4.02,--,32.50,-3.70,--,
Net Profit/(Loss) For the Period,88.93,79.90,85.40,47.80,36.80,
Equity Share Capital,60.23,58.60,51.60,50.60,41.60,
Reserves Excluding Revaluation Reserves,--,--,--,--,--,
Equity Dividend Rate (%),--,--,--,--,--,
EPS Before Extra Ordinary,,,,,,
Basic EPS,--,--,--,--,--,
Diluted EPS,--,--,--,--,--,
EPS After Extra Ordinary,,,,,,
Basic EPS.,--,--,--,--,--,
Diluted EPS.,--,--,--,--,--,
Public Share Holding,,,,,,
No Of Shares (Crores),3.65,3.77,2.99,3.62,2.84,
Share Holding (%),60.51,64.25,57.85,71.61,68.17,
Promoters and Promoter Group Shareholding,,,,,,
a) Pledged/Encumbered,,,,,,
- Number of shares (Crores),--,--,--,--,--,
- Per. of shares (as a % of the total sh. of prom. and promoter group),--,--,--,--,--,
- Per. of shares (as a % of the total Share Cap. of the company),--,--,--,--,--,
b) Non-encumbered,,,,,,
- Number of shares (Crores),--,--,--,--,--,
- Per. of shares (as a % of the total sh. of prom. and promoter group),--,--,--,--,--,
- Per. of shares (as a % of the total Share Cap. of the company),--,--,--,--,--,
