Nine Months Results of Apollo Hospitals Enterprises (in Rs. Cr.),Dec '03,Dec '02,Dec '01,Dec '00,Dec '99,
Net Sales/Income from operations,362.90,328.00,266.10,227.00,88.90,
Other Operating Income,--,--,--,--,--,
Total Income From Operations,--,--,--,--,--,
EXPENDITURE,,,,,,
Consumption of Raw Materials,177.80,158.30,127.00,107.90,--,
Purchase of Traded Goods,--,--,--,--,--,
Increase/Decrease in Stocks,--,--,--,--,--,
Power & Fuel,--,--,--,--,--,
Employees Cost,47.40,42.50,33.10,28.80,--,
Depreciation,15.70,17.40,12.80,11.70,4.62,
Excise Duty,--,--,--,--,--,
Admin. And Selling Expenses,44.30,43.00,33.90,--,--,
R & D Expenses,--,--,--,--,--,
Provisions And Contingencies,--,--,0.70,--,--,
Exp. Capitalised,--,--,--,--,--,
Other Expenses,21.60,18.20,16.20,40.40,65.23,
"P/L Before Other Inc. , Int., Excpt. Items & Tax",--,--,--,--,--,
Other Income,3.80,3.30,5.70,7.10,2.37,
"P/L Before Int., Excpt. Items & Tax",--,--,--,--,--,
Interest,16.20,20.40,16.10,15.60,9.09,
P/L Before Exceptional Items & Tax,--,--,--,--,--,
Exceptional Items,--,--,--,--,--,
P/L Before Tax,--,--,--,--,--,
Tax,15.40,11.20,13.20,9.00,3.07,
P/L After Tax from Ordinary Activities,--,--,--,--,--,
Prior Year Adjustments,--,--,--,--,--,
Extra Ordinary Items,--,--,--,--,--,
Net Profit/(Loss) For the Period,28.30,20.30,18.80,20.70,9.26,
Equity Share Capital,39.50,39.50,39.50,39.50,15.92,
Reserves Excluding Revaluation Reserves,--,--,--,--,--,
Equity Dividend Rate (%),--,--,--,--,--,
EPS Before Extra Ordinary,,,,,,
Basic EPS,--,--,--,--,--,
Diluted EPS,--,--,--,--,--,
EPS After Extra Ordinary,,,,,,
Basic EPS.,--,--,--,--,--,
Diluted EPS.,--,--,--,--,--,
Public Share Holding,,,,,,
No Of Shares (Crores),2.62,2.60,2.64,--,--,
Share Holding (%),66.28,65.67,66.69,--,--,
Promoters and Promoter Group Shareholding,,,,,,
a) Pledged/Encumbered,,,,,,
- Number of shares (Crores),--,--,--,--,--,
- Per. of shares (as a % of the total sh. of prom. and promoter group),--,--,--,--,--,
- Per. of shares (as a % of the total Share Cap. of the company),--,--,--,--,--,
b) Non-encumbered,,,,,,
- Number of shares (Crores),--,--,--,--,--,
- Per. of shares (as a % of the total sh. of prom. and promoter group),--,--,--,--,--,
- Per. of shares (as a % of the total Share Cap. of the company),--,--,--,--,--,
