Nine Months Results of Apollo Hospitals Enterprises (in Rs. Cr.),Dec '18,Dec '17,Dec '16,Dec '15,Dec '14,
Net Sales/Income from operations,"6,169.55","5,432.24","4,780.13","4,140.46","3,389.10",
Other Operating Income,--,--,--,--,--,
Total Income From Operations,"6,169.55","5,432.24","4,780.13","4,140.46","3,389.10",
EXPENDITURE,,,,,,
Consumption of Raw Materials,"1,037.08",947.64,878.05,828.01,810.63,
Purchase of Traded Goods,"2,287.51","1,935.88","1,668.44","1,392.91","1,039.78",
Increase/Decrease in Stocks,-81.77,-61.96,-52.35,-86.26,-56.37,
Power & Fuel,--,--,--,--,--,
Employees Cost,947.73,827.95,693.50,612.71,529.83,
Depreciation,222.85,198.86,177.80,151.97,117.41,
Excise Duty,--,--,--,--,--,
Admin. And Selling Expenses,--,--,168.84,137.13,104.66,
R & D Expenses,--,--,--,--,--,
Provisions And Contingencies,--,--,--,--,--,
Exp. Capitalised,--,--,--,--,--,
Other Expenses,"1,226.67","1,166.62",819.71,693.99,457.00,
"P/L Before Other Inc. , Int., Excpt. Items & Tax",529.48,417.25,426.14,410.00,386.16,
Other Income,10.09,6.75,16.76,70.01,40.45,
"P/L Before Int., Excpt. Items & Tax",539.57,424.00,442.90,480.01,426.61,
Interest,197.09,177.76,142.58,89.75,60.73,
P/L Before Exceptional Items & Tax,342.48,246.24,300.32,390.26,365.88,
Exceptional Items,--,--,--,-25.68,-15.20,
P/L Before Tax,342.48,246.24,300.32,364.58,350.68,
Tax,116.39,72.71,63.33,65.19,81.43,
P/L After Tax from Ordinary Activities,226.09,173.53,236.99,299.39,269.25,
Prior Year Adjustments,--,--,--,--,--,
Extra Ordinary Items,--,--,--,--,--,
Net Profit/(Loss) For the Period,226.09,173.53,236.99,299.39,269.25,
Equity Share Capital,69.56,69.56,69.56,69.56,69.56,
Reserves Excluding Revaluation Reserves,--,--,--,--,--,
Equity Dividend Rate (%),--,--,--,--,--,
EPS Before Extra Ordinary,,,,,,
Basic EPS,16.25,12.47,17.03,21.52,19.35,
Diluted EPS,16.25,12.47,17.03,21.52,19.35,
EPS After Extra Ordinary,,,,,,
Basic EPS.,16.25,12.47,17.03,21.52,19.35,
Diluted EPS.,16.25,12.47,17.03,21.52,19.35,
Public Share Holding,,,,,,
No Of Shares (Crores),--,--,--,--,9.03,
Share Holding (%),--,--,--,--,64.90,
Promoters and Promoter Group Shareholding,,,,,,
a) Pledged/Encumbered,,,,,,
- Number of shares (Crores),--,--,--,--,3.10,
- Per. of shares (as a % of the total sh. of prom. and promoter group),--,--,--,--,64.82,
- Per. of shares (as a % of the total Share Cap. of the company),--,--,--,--,22.26,
b) Non-encumbered,,,,,,
- Number of shares (Crores),--,--,--,--,1.68,
- Per. of shares (as a % of the total sh. of prom. and promoter group),--,--,--,--,35.18,
- Per. of shares (as a % of the total Share Cap. of the company),--,--,--,--,12.09,
