Nine Months Results of Apollo Hospitals Enterprises (in Rs. Cr.),Dec '13,Dec '12,Dec '11,Dec '10,Dec '09,
Net Sales/Income from operations,"2,863.45","2,469.50","2,055.51","1,710.56","1,342.88",
Other Operating Income,--,--,--,--,--,
Total Income From Operations,"2,863.45","2,469.50","2,055.51","1,710.56","1,342.88",
EXPENDITURE,,,,,,
Consumption of Raw Materials,712.43,697.03,581.40,519.68,700.30,
Purchase of Traded Goods,811.85,646.24,504.19,--,--,
Increase/Decrease in Stocks,-35.66,-65.68,-12.60,-12.97,--,
Power & Fuel,--,--,--,--,--,
Employees Cost,447.52,391.98,314.29,259.92,206.68,
Depreciation,95.96,79.65,66.81,51.98,39.90,
Excise Duty,--,--,--,--,--,
Admin. And Selling Expenses,72.13,59.20,279.95,232.29,184.40,
R & D Expenses,--,--,--,--,--,
Provisions And Contingencies,--,--,--,--,--,
Exp. Capitalised,--,--,--,--,--,
Other Expenses,391.37,319.96,44.24,429.46,33.11,
"P/L Before Other Inc. , Int., Excpt. Items & Tax",367.85,341.12,277.23,230.20,178.49,
Other Income,15.43,26.48,21.99,15.52,27.42,
"P/L Before Int., Excpt. Items & Tax",383.28,367.60,299.22,245.72,205.91,
Interest,66.13,51.84,48.61,42.96,27.05,
P/L Before Exceptional Items & Tax,317.15,315.76,250.61,202.76,178.86,
Exceptional Items,--,--,--,--,--,
P/L Before Tax,317.15,315.76,250.61,202.76,178.86,
Tax,67.77,82.14,78.93,68.13,56.09,
P/L After Tax from Ordinary Activities,249.38,233.62,171.68,134.63,122.77,
Prior Year Adjustments,--,--,--,--,--,
Extra Ordinary Items,--,--,--,--,--,
Net Profit/(Loss) For the Period,249.38,233.62,171.68,134.63,122.77,
Equity Share Capital,69.56,69.56,67.23,62.36,61.78,
Reserves Excluding Revaluation Reserves,--,--,--,--,--,
Equity Dividend Rate (%),--,--,--,--,--,
EPS Before Extra Ordinary,,,,,,
Basic EPS,17.93,17.00,13.31,10.89,--,
Diluted EPS,17.93,16.79,12.88,10.63,--,
EPS After Extra Ordinary,,,,,,
Basic EPS.,17.93,17.00,13.31,10.89,--,
Diluted EPS.,17.93,16.79,12.88,10.63,--,
Public Share Holding,,,,,,
No Of Shares (Crores),9.02,8.62,8.82,7.42,3.64,
Share Holding (%),64.87,61.93,65.59,59.46,58.94,
Promoters and Promoter Group Shareholding,,,,,,
a) Pledged/Encumbered,,,,,,
- Number of shares (Crores),2.06,1.95,2.44,2.50,--,
- Per. of shares (as a % of the total sh. of prom. and promoter group),43.21,40.72,54.91,60.42,--,
- Per. of shares (as a % of the total Share Cap. of the company),14.84,13.99,18.18,20.08,--,
b) Non-encumbered,,,,,,
- Number of shares (Crores),2.71,2.83,2.01,1.64,--,
- Per. of shares (as a % of the total sh. of prom. and promoter group),56.79,59.28,45.09,39.58,--,
- Per. of shares (as a % of the total Share Cap. of the company),19.51,20.36,14.93,13.16,--,
