Nine Months Results of Apollo Hospitals Enterprises (in Rs. Cr.),Dec '98,Dec '97,
Net Sales/Income from operations,74.34,64.69,
Other Operating Income,--,--,
Total Income From Operations,--,--,
EXPENDITURE,,,
Consumption of Raw Materials,--,--,
Purchase of Traded Goods,--,--,
Increase/Decrease in Stocks,--,--,
Power & Fuel,--,--,
Employees Cost,--,--,
Depreciation,4.23,3.65,
Excise Duty,--,--,
Admin. And Selling Expenses,--,--,
R & D Expenses,--,--,
Provisions And Contingencies,--,--,
Exp. Capitalised,--,--,
Other Expenses,52.81,46.71,
"P/L Before Other Inc. , Int., Excpt. Items & Tax",--,--,
Other Income,2.07,2.83,
"P/L Before Int., Excpt. Items & Tax",--,--,
Interest,10.45,9.41,
P/L Before Exceptional Items & Tax,--,--,
Exceptional Items,--,--,
P/L Before Tax,--,--,
Tax,1.50,1.00,
P/L After Tax from Ordinary Activities,--,--,
Prior Year Adjustments,--,--,
Extra Ordinary Items,--,--,
Net Profit/(Loss) For the Period,7.42,6.75,
Equity Share Capital,15.82,15.81,
Reserves Excluding Revaluation Reserves,--,--,
Equity Dividend Rate (%),--,--,
EPS Before Extra Ordinary,,,
Basic EPS,--,--,
Diluted EPS,--,--,
EPS After Extra Ordinary,,,
Basic EPS.,--,--,
Diluted EPS.,--,--,
Public Share Holding,,,
No Of Shares (Crores),--,--,
Share Holding (%),--,--,
Promoters and Promoter Group Shareholding,,,
a) Pledged/Encumbered,,,
- Number of shares (Crores),--,--,
- Per. of shares (as a % of the total sh. of prom. and promoter group),--,--,
- Per. of shares (as a % of the total Share Cap. of the company),--,--,
b) Non-encumbered,,,
- Number of shares (Crores),--,--,
- Per. of shares (as a % of the total sh. of prom. and promoter group),--,--,
- Per. of shares (as a % of the total Share Cap. of the company),--,--,
