Yearly Results of Apollo Hospitals Enterprises (in Rs. Cr.),Mar '14,Mar '13,Mar '12,Mar '11,Mar '10,
Net Sales/Income from operations,"3,861.63","3,317.79","2,800.07","2,331.96","1,825.78",
Other Operating Income,--,--,--,--,--,
Total Income From Operations,"3,861.63","3,317.79","2,800.07","2,331.96","1,825.78",
EXPENDITURE,,,,,,
Consumption of Raw Materials,951.60,864.26,784.66,708.67,569.64,
Purchase of Traded Goods,"1,096.28",863.99,689.88,--,--,
Increase/Decrease in Stocks,-45.99,-8.43,-19.07,-13.92,-17.39,
Power & Fuel,--,--,--,--,--,
Employees Cost,610.22,524.40,428.51,357.20,286.38,
Depreciation,129.08,108.52,91.13,70.26,54.31,
Excise Duty,--,--,--,--,--,
Admin. And Selling Expenses,102.88,81.19,52.94,318.68,263.34,
R & D Expenses,--,--,--,--,--,
Provisions And Contingencies,--,--,--,--,--,
Exp. Capitalised,--,--,--,--,--,
Other Expenses,532.78,438.82,398.75,584.38,442.55,
"P/L Before Other Inc. , Int., Excpt. Items & Tax",484.78,445.04,373.27,306.69,226.95,
Other Income,22.46,31.03,27.85,21.37,32.97,
"P/L Before Int., Excpt. Items & Tax",507.24,476.07,401.12,328.06,259.92,
Interest,87.07,72.63,63.60,58.73,37.75,
P/L Before Exceptional Items & Tax,420.17,403.44,337.52,269.33,222.17,
Exceptional Items,--,--,--,--,--,
P/L Before Tax,420.17,403.44,337.52,269.33,222.17,
Tax,89.45,98.86,106.53,87.61,70.20,
P/L After Tax from Ordinary Activities,330.72,304.58,230.99,181.72,151.97,
Prior Year Adjustments,--,--,--,--,--,
Extra Ordinary Items,--,4.54,--,--,--,
Net Profit/(Loss) For the Period,330.72,309.12,230.99,181.72,151.97,
Equity Share Capital,69.56,69.56,67.23,62.36,61.78,
Reserves Excluding Revaluation Reserves,"2,895.16","2,658.03","2,246.33","1,641.30","1,479.99",
Equity Dividend Rate (%),115.00,110.00,80.00,75.00,70.00,
EPS Before Extra Ordinary,,,,,,
Basic EPS,23.77,22.10,17.72,14.66,--,
Diluted EPS,23.77,21.89,17.16,14.24,--,
EPS After Extra Ordinary,,,,,,
Basic EPS.,23.77,22.43,17.72,14.66,--,
Diluted EPS.,23.77,22.22,17.16,14.24,--,
Public Share Holding,,,,,,
No Of Shares (Crores),9.03,9.06,8.46,8.02,3.64,
Share Holding (%),64.89,65.10,62.91,64.31,58.91,
Promoters and Promoter Group Shareholding,,,,,,
a) Pledged/Encumbered,,,,,,
- Number of shares (Crores),3.02,1.95,2.24,2.44,--,
- Per. of shares (as a % of the total sh. of prom. and promoter group),63.17,40.72,50.41,58.96,--,
- Per. of shares (as a % of the total Share Cap. of the company),21.70,13.99,16.69,19.60,--,
b) Non-encumbered,,,,,,
- Number of shares (Crores).,1.76,2.83,2.21,1.70,--,
- Per. of shares (as a % of the total sh. of prom. and promoter group).,36.83,59.28,49.59,41.04,--,
- Per. of shares (as a % of the total Share Cap. of the company).,12.65,20.36,16.41,13.64,--,
