Yearly Results of Apollo Hospitals Enterprises (in Rs. Cr.),Mar '99,Mar '98,Mar '97,Mar '96,Mar '95,
Net Sales/Income from operations,98.04,89.78,72.96,61.50,45.72,
Other Operating Income,--,--,--,--,--,
Total Income From Operations,--,--,--,--,--,
EXPENDITURE,,,,,,
Consumption of Raw Materials,--,--,--,--,--,
Purchase of Traded Goods,--,--,--,--,--,
Increase/Decrease in Stocks,--,--,--,--,--,
Power & Fuel,--,--,--,--,--,
Employees Cost,--,--,--,--,--,
Depreciation,5.69,5.01,4.09,3.11,2.56,
Excise Duty,--,--,--,--,--,
Admin. And Selling Expenses,--,--,--,--,--,
R & D Expenses,--,--,--,--,--,
Provisions And Contingencies,--,--,--,--,--,
Exp. Capitalised,--,--,--,--,--,
Other Expenses,70.77,62.85,51.34,42.38,32.99,
"P/L Before Other Inc. , Int., Excpt. Items & Tax",--,--,--,--,--,
Other Income,3.62,--,4.00,3.80,2.80,
"P/L Before Int., Excpt. Items & Tax",--,--,--,--,--,
Interest,13.68,13.11,9.46,8.00,6.71,
P/L Before Exceptional Items & Tax,--,--,--,--,--,
Exceptional Items,--,--,--,--,--,
P/L Before Tax,--,--,--,--,--,
Tax,2.25,0.25,0.49,0.54,--,
P/L After Tax from Ordinary Activities,--,--,--,--,--,
Prior Year Adjustments,--,--,--,--,--,
Extra Ordinary Items,--,--,--,--,--,
Net Profit/(Loss) For the Period,9.27,8.56,11.58,11.27,6.26,
Equity Share Capital,15.89,15.81,15.81,15.81,14.72,
Reserves Excluding Revaluation Reserves,57.25,--,48.49,41.45,30.76,
Equity Dividend Rate (%),--,--,--,--,--,
EPS Before Extra Ordinary,,,,,,
Basic EPS,--,--,--,--,--,
Diluted EPS,--,--,--,--,--,
EPS After Extra Ordinary,,,,,,
Basic EPS.,--,--,--,--,--,
Diluted EPS.,--,--,--,--,--,
Public Share Holding,,,,,,
No Of Shares (Crores),--,--,--,--,--,
Share Holding (%),--,--,--,--,--,
Promoters and Promoter Group Shareholding,,,,,,
a) Pledged/Encumbered,,,,,,
- Number of shares (Crores),--,--,--,--,--,
- Per. of shares (as a % of the total sh. of prom. and promoter group),--,--,--,--,--,
- Per. of shares (as a % of the total Share Cap. of the company),--,--,--,--,--,
b) Non-encumbered,,,,,,
- Number of shares (Crores).,--,--,--,--,--,
- Per. of shares (as a % of the total sh. of prom. and promoter group).,--,--,--,--,--,
- Per. of shares (as a % of the total Share Cap. of the company).,--,--,--,--,--,
