Yearly Results of Apollo Hospitals Enterprises (in Rs. Cr.),Mar '04,Mar '03,Mar '02,Mar '01,Mar '00,
Net Sales/Income from operations,494.60,443.30,367.60,309.80,255.77,
Other Operating Income,--,--,--,--,--,
Total Income From Operations,494.60,443.30,367.60,309.80,255.77,
EXPENDITURE,,,,,,
Consumption of Raw Materials,239.60,216.10,177.70,149.00,--,
Purchase of Traded Goods,--,--,--,--,--,
Increase/Decrease in Stocks,--,--,--,--,--,
Power & Fuel,--,--,--,--,--,
Employees Cost,65.70,58.60,47.10,38.80,--,
Depreciation,21.10,23.00,19.50,16.00,13.39,
Excise Duty,--,--,--,--,--,
Admin. And Selling Expenses,57.00,58.00,46.30,39.90,--,
R & D Expenses,--,--,--,--,--,
Provisions And Contingencies,--,--,5.50,0.70,--,
Exp. Capitalised,--,--,--,--,--,
Other Expenses,38.60,25.20,21.80,17.00,207.41,
"P/L Before Other Inc. , Int., Excpt. Items & Tax",72.60,62.40,49.70,48.40,34.98,
Other Income,5.20,5.20,9.20,12.80,23.12,
"P/L Before Int., Excpt. Items & Tax",77.80,67.60,58.90,61.20,58.10,
Interest,19.20,24.30,23.10,21.50,21.09,
P/L Before Exceptional Items & Tax,58.60,43.30,35.80,39.70,37.01,
Exceptional Items,--,--,--,--,--,
P/L Before Tax,58.60,43.30,35.80,39.70,37.01,
Tax,21.50,15.80,11.10,9.00,5.15,
P/L After Tax from Ordinary Activities,37.10,27.50,24.70,30.70,31.87,
Prior Year Adjustments,--,--,--,--,--,
Extra Ordinary Items,--,--,--,--,-4.04,
Net Profit/(Loss) For the Period,37.10,27.50,24.70,30.70,27.83,
Equity Share Capital,39.52,39.52,39.52,39.52,15.91,
Reserves Excluding Revaluation Reserves,207.16,186.46,191.15,228.12,212.99,
Equity Dividend Rate (%),35.00,30.00,25.00,25.00,25.00,
EPS Before Extra Ordinary,,,,,,
Basic EPS,--,--,--,--,--,
Diluted EPS,--,--,--,--,--,
EPS After Extra Ordinary,,,,,,
Basic EPS.,--,--,--,--,--,
Diluted EPS.,--,--,--,--,--,
Public Share Holding,,,,,,
No Of Shares (Crores),2.62,2.60,2.65,2.71,--,
Share Holding (%),66.36,65.69,67.18,68.68,--,
Promoters and Promoter Group Shareholding,,,,,,
a) Pledged/Encumbered,,,,,,
- Number of shares (Crores),--,--,--,--,--,
- Per. of shares (as a % of the total sh. of prom. and promoter group),--,--,--,--,--,
- Per. of shares (as a % of the total Share Cap. of the company),--,--,--,--,--,
b) Non-encumbered,,,,,,
- Number of shares (Crores).,--,--,--,--,--,
- Per. of shares (as a % of the total sh. of prom. and promoter group).,--,--,--,--,--,
- Per. of shares (as a % of the total Share Cap. of the company).,--,--,--,--,--,
