Yearly Results of Apollo Hospitals Enterprises (in Rs. Cr.),Mar '94,Mar '93,Mar '92,
Net Sales/Income from operations,36.04,29.05,22.60,
Other Operating Income,--,--,--,
Total Income From Operations,--,--,--,
EXPENDITURE,,,,
Consumption of Raw Materials,--,--,--,
Purchase of Traded Goods,--,--,--,
Increase/Decrease in Stocks,--,--,--,
Power & Fuel,--,--,--,
Employees Cost,--,--,--,
Depreciation,1.54,1.31,1.13,
Excise Duty,--,--,--,
Admin. And Selling Expenses,--,--,--,
R & D Expenses,--,--,--,
Provisions And Contingencies,--,--,--,
Exp. Capitalised,--,--,--,
Other Expenses,25.95,21.17,--,
"P/L Before Other Inc. , Int., Excpt. Items & Tax",--,--,--,
Other Income,1.16,0.89,0.73,
"P/L Before Int., Excpt. Items & Tax",--,--,--,
Interest,4.40,4.18,3.14,
P/L Before Exceptional Items & Tax,--,--,--,
Exceptional Items,--,--,--,
P/L Before Tax,--,--,--,
Tax,--,--,--,
P/L After Tax from Ordinary Activities,--,--,--,
Prior Year Adjustments,--,--,--,
Extra Ordinary Items,--,--,--,
Net Profit/(Loss) For the Period,5.31,3.28,2.31,
Equity Share Capital,10.63,5.42,5.42,
Reserves Excluding Revaluation Reserves,16.48,5.97,3.77,
Equity Dividend Rate (%),--,--,--,
EPS Before Extra Ordinary,,,,
Basic EPS,--,--,--,
Diluted EPS,--,--,--,
EPS After Extra Ordinary,,,,
Basic EPS.,--,--,--,
Diluted EPS.,--,--,--,
Public Share Holding,,,,
No Of Shares (Crores),--,--,--,
Share Holding (%),--,--,--,
Promoters and Promoter Group Shareholding,,,,
a) Pledged/Encumbered,,,,
- Number of shares (Crores),--,--,--,
- Per. of shares (as a % of the total sh. of prom. and promoter group),--,--,--,
- Per. of shares (as a % of the total Share Cap. of the company),--,--,--,
b) Non-encumbered,,,,
- Number of shares (Crores).,--,--,--,
- Per. of shares (as a % of the total sh. of prom. and promoter group).,--,--,--,
- Per. of shares (as a % of the total Share Cap. of the company).,--,--,--,
