Yearly Results of Apollo Hospitals Enterprises (in Rs. Cr.),Mar '19,Mar '18,Mar '17,Mar '16,Mar '15,
Net Sales/Income from operations,"8,336.66","7,183.01","6,441.77","5,588.32","4,592.79",
Other Operating Income,--,--,--,--,--,
Total Income From Operations,"8,336.66","7,183.01","6,441.77","5,588.32","4,592.79",
EXPENDITURE,,,,,,
Consumption of Raw Materials,"1,391.68","1,268.00","1,546.89","1,098.49","1,069.08",
Purchase of Traded Goods,"3,049.30","2,614.22","2,228.52","1,844.21","1,404.15",
Increase/Decrease in Stocks,-72.00,-80.92,-414.92,-77.61,-49.27,
Power & Fuel,--,--,--,--,--,
Employees Cost,"1,295.09","1,118.81",941.78,835.73,720.96,
Depreciation,299.89,272.00,240.59,200.50,158.04,
Excise Duty,--,--,--,--,--,
Admin. And Selling Expenses,--,--,--,--,138.69,
R & D Expenses,--,--,--,--,--,
Provisions And Contingencies,--,--,--,--,--,
Exp. Capitalised,--,--,--,--,--,
Other Expenses,"1,654.45","1,433.19","1,365.49","1,143.36",631.10,
"P/L Before Other Inc. , Int., Excpt. Items & Tax",718.25,557.71,533.42,543.64,520.04,
Other Income,12.24,12.59,25.89,32.72,45.27,
"P/L Before Int., Excpt. Items & Tax",730.49,570.30,559.31,576.36,565.31,
Interest,268.02,240.17,200.39,133.58,83.29,
P/L Before Exceptional Items & Tax,462.47,330.13,358.92,442.78,482.02,
Exceptional Items,--,--,--,-25.68,-14.69,
P/L Before Tax,462.47,330.13,358.92,417.10,467.33,
Tax,159.71,96.93,73.77,83.15,120.74,
P/L After Tax from Ordinary Activities,302.76,233.20,285.15,333.95,346.59,
Prior Year Adjustments,--,--,--,--,--,
Extra Ordinary Items,--,--,--,--,--,
Net Profit/(Loss) For the Period,302.76,233.20,285.15,333.95,346.59,
Equity Share Capital,69.56,69.56,69.56,69.56,69.56,
Reserves Excluding Revaluation Reserves,"3,813.85","3,623.94","3,509.45","3,360.57","3,091.51",
Equity Dividend Rate (%),120.00,100.00,120.00,120.00,115.00,
EPS Before Extra Ordinary,,,,,,
Basic EPS,21.76,16.76,20.50,24.00,24.91,
Diluted EPS,21.76,16.76,20.50,24.00,24.91,
EPS After Extra Ordinary,,,,,,
Basic EPS.,21.76,16.76,20.50,24.00,24.91,
Diluted EPS.,21.76,16.76,20.50,24.00,24.91,
Public Share Holding,,,,,,
No Of Shares (Crores),--,--,--,--,9.03,
Share Holding (%),--,--,--,--,64.90,
Promoters and Promoter Group Shareholding,,,,,,
a) Pledged/Encumbered,,,,,,
- Number of shares (Crores),--,--,--,--,3.05,
- Per. of shares (as a % of the total sh. of prom. and promoter group),--,--,--,--,63.77,
- Per. of shares (as a % of the total Share Cap. of the company),--,--,--,--,21.90,
b) Non-encumbered,,,,,,
- Number of shares (Crores).,--,--,--,--,1.73,
- Per. of shares (as a % of the total sh. of prom. and promoter group).,--,--,--,--,36.23,
- Per. of shares (as a % of the total Share Cap. of the company).,--,--,--,--,12.44,
