Yearly Results of Apollo Hospitals Enterprises (in Rs. Cr.),Mar '24,Mar '23,Mar '22,Mar '21,Mar '20,
Net Sales/Income from operations,"7,273.80","6,524.84","6,098.33","9,153.04","9,794.43",
Other Operating Income,--,--,--,--,--,
Total Income From Operations,"7,273.80","6,524.84","6,098.33","9,153.04","9,794.43",
EXPENDITURE,,,,,,
Consumption of Raw Materials,"1,999.00","1,861.11","1,929.33","1,329.86","1,532.12",
Purchase of Traded Goods,--,--,--,"4,155.20","3,754.19",
Increase/Decrease in Stocks,--,--,--,-127.63,-104.33,
Power & Fuel,--,--,--,--,--,
Employees Cost,"1,425.20","1,239.46","1,150.48","1,275.11","1,519.18",
Depreciation,399.00,366.69,363.42,435.95,482.26,
Excise Duty,--,--,--,--,--,
Admin. And Selling Expenses,--,--,--,--,--,
R & D Expenses,--,--,--,--,--,
Provisions And Contingencies,--,--,--,--,--,
Exp. Capitalised,--,--,--,--,--,
Other Expenses,"2,052.10","1,742.78","1,599.18","1,573.09","1,678.03",
"P/L Before Other Inc. , Int., Excpt. Items & Tax","1,398.50","1,314.80","1,055.92",511.46,932.98,
Other Income,179.90,151.51,46.99,18.15,10.91,
"P/L Before Int., Excpt. Items & Tax","1,578.40","1,466.31","1,102.91",529.61,943.89,
Interest,249.80,238.80,244.04,343.80,425.88,
P/L Before Exceptional Items & Tax,"1,328.60","1,227.51",858.87,185.81,518.01,
Exceptional Items,--,--,-6.74,-9.09,164.35,
P/L Before Tax,"1,328.60","1,227.51",852.13,176.72,682.36,
Tax,318.10,142.73,279.79,71.57,212.11,
P/L After Tax from Ordinary Activities,"1,010.50","1,084.78",572.34,105.15,470.25,
Prior Year Adjustments,--,--,--,--,--,
Extra Ordinary Items,--,--,92.69,--,--,
Net Profit/(Loss) For the Period,"1,010.50","1,084.78",665.03,105.15,470.25,
Equity Share Capital,71.90,71.89,71.89,71.89,69.56,
Reserves Excluding Revaluation Reserves,"7,639.00","6,852.90","6,038.80","5,129.60","3,918.80",
Equity Dividend Rate (%),320.00,300.00,235.00,60.00,120.00,
EPS Before Extra Ordinary,,,,,,
Basic EPS,70.28,75.45,46.25,7.51,33.80,
Diluted EPS,70.28,75.45,46.25,7.51,33.80,
EPS After Extra Ordinary,,,,,,
Basic EPS.,70.28,75.45,46.25,7.51,33.80,
Diluted EPS.,70.28,75.45,46.25,7.51,33.80,
Public Share Holding,,,,,,
No Of Shares (Crores),--,--,--,--,--,
Share Holding (%),--,--,--,--,--,
Promoters and Promoter Group Shareholding,,,,,,
a) Pledged/Encumbered,,,,,,
- Number of shares (Crores),--,--,--,--,--,
- Per. of shares (as a % of the total sh. of prom. and promoter group),--,--,--,--,--,
- Per. of shares (as a % of the total Share Cap. of the company),--,--,--,--,--,
b) Non-encumbered,,,,,,
- Number of shares (Crores).,--,--,--,--,--,
- Per. of shares (as a % of the total sh. of prom. and promoter group).,--,--,--,--,--,
- Per. of shares (as a % of the total Share Cap. of the company).,--,--,--,--,--,
