Yearly Results of Apollo Hospitals Enterprises (in Rs. Cr.),Mar '09,Mar '08,Mar '07,Mar '06,Mar '05,
Net Sales/Income from operations,"1,457.98","1,123.80",891.00,707.80,588.10,
Other Operating Income,--,--,--,--,--,
Total Income From Operations,"1,457.98","1,123.80",891.00,707.80,588.10,
EXPENDITURE,,,,,,
Consumption of Raw Materials,768.65,581.70,455.10,360.20,289.60,
Purchase of Traded Goods,--,--,--,--,--,
Increase/Decrease in Stocks,--,--,--,--,--,
Power & Fuel,--,--,--,--,--,
Employees Cost,221.05,168.50,127.80,98.40,78.80,
Depreciation,43.92,36.70,30.80,26.10,22.60,
Excise Duty,--,--,--,--,--,
Admin. And Selling Expenses,206.57,158.20,129.80,92.80,76.60,
R & D Expenses,--,--,--,--,--,
Provisions And Contingencies,--,--,--,--,--,
Exp. Capitalised,--,--,--,--,--,
Other Expenses,41.59,39.90,36.50,41.50,41.00,
"P/L Before Other Inc. , Int., Excpt. Items & Tax",176.20,138.80,111.00,88.80,79.50,
Other Income,22.37,26.20,8.50,11.20,7.50,
"P/L Before Int., Excpt. Items & Tax",198.57,165.00,119.50,100.00,87.00,
Interest,22.31,19.90,16.40,11.70,15.60,
P/L Before Exceptional Items & Tax,176.26,145.10,103.10,88.30,71.40,
Exceptional Items,--,--,--,--,--,
P/L Before Tax,176.26,145.10,103.10,88.30,71.40,
Tax,54.17,42.00,35.50,28.10,22.20,
P/L After Tax from Ordinary Activities,122.09,103.10,67.60,60.20,49.20,
Prior Year Adjustments,--,-1.30,--,--,--,
Extra Ordinary Items,-4.02,--,32.50,--,--,
Net Profit/(Loss) For the Period,118.07,101.80,100.10,60.20,49.20,
Equity Share Capital,60.24,58.69,51.64,50.60,41.60,
Reserves Excluding Revaluation Reserves,"1,302.91","1,164.78",694.83,603.88,286.22,
Equity Dividend Rate (%),65.00,60.00,50.00,45.00,40.00,
EPS Before Extra Ordinary,,,,,,
Basic EPS,--,--,--,--,--,
Diluted EPS,--,--,--,--,--,
EPS After Extra Ordinary,,,,,,
Basic EPS.,--,--,--,--,--,
Diluted EPS.,--,--,--,--,--,
Public Share Holding,,,,,,
No Of Shares (Crores),3.64,3.77,2.99,3.63,2.75,
Share Holding (%),60.45,64.25,57.99,71.83,66.18,
Promoters and Promoter Group Shareholding,,,,,,
a) Pledged/Encumbered,,,,,,
- Number of shares (Crores),--,--,--,--,--,
- Per. of shares (as a % of the total sh. of prom. and promoter group),--,--,--,--,--,
- Per. of shares (as a % of the total Share Cap. of the company),--,--,--,--,--,
b) Non-encumbered,,,,,,
- Number of shares (Crores).,--,--,--,--,--,
- Per. of shares (as a % of the total sh. of prom. and promoter group).,--,--,--,--,--,
- Per. of shares (as a % of the total Share Cap. of the company).,--,--,--,--,--,
