Yearly Results of Asian Paints (in Rs. Cr.),Mar '94,Mar '93,Mar '92,Mar '91,Mar '90,
Net Sales/Income from operations,401.96,362.77,338.90,251.25,225.72,
Other Operating Income,--,--,--,--,--,
Total Income From Operations,401.96,362.77,338.90,251.25,225.72,
EXPENDITURE,,,,,,
Consumption of Raw Materials,--,--,--,--,148.25,
Purchase of Traded Goods,--,--,--,--,--,
Increase/Decrease in Stocks,--,--,--,--,--,
Power & Fuel,--,--,--,--,--,
Employees Cost,--,--,--,--,12.55,
Depreciation,7.00,7.78,7.56,6.57,2.90,
Excise Duty,--,--,--,--,--,
Admin. And Selling Expenses,--,--,--,--,--,
R & D Expenses,--,--,--,--,--,
Provisions And Contingencies,--,--,--,--,--,
Exp. Capitalised,--,--,--,--,--,
Other Expenses,349.51,312.81,287.45,--,--,
"P/L Before Other Inc. , Int., Excpt. Items & Tax",45.45,42.18,43.89,244.68,62.02,
Other Income,7.11,3.43,3.55,4.01,1.05,
"P/L Before Int., Excpt. Items & Tax",52.56,45.61,47.44,248.69,63.07,
Interest,10.45,13.64,12.41,10.30,7.03,
P/L Before Exceptional Items & Tax,42.11,31.97,35.03,238.39,56.04,
Exceptional Items,--,--,--,--,--,
P/L Before Tax,42.11,31.97,35.03,238.39,56.04,
Tax,16.50,12.50,13.00,6.05,5.38,
P/L After Tax from Ordinary Activities,25.61,19.47,22.03,232.34,50.66,
Prior Year Adjustments,--,--,--,--,--,
Extra Ordinary Items,--,--,--,--,--,
Net Profit/(Loss) For the Period,25.61,19.47,22.03,232.34,50.66,
Equity Share Capital,19.91,19.91,12.44,12.44,12.44,
Reserves Excluding Revaluation Reserves,116.77,94.45,88.69,66.00,56.49,
Equity Dividend Rate (%),50.00,33.00,50.00,45.00,45.00,
EPS Before Extra Ordinary,,,,,,
Basic EPS,--,--,--,--,--,
Diluted EPS,--,--,--,--,--,
EPS After Extra Ordinary,,,,,,
Basic EPS.,--,--,--,--,--,
Diluted EPS.,--,--,--,--,--,
Public Share Holding,,,,,,
No Of Shares (Crores),--,--,--,--,--,
Share Holding (%),--,--,--,--,--,
Promoters and Promoter Group Shareholding,,,,,,
a) Pledged/Encumbered,,,,,,
- Number of shares (Crores),--,--,--,--,--,
- Per. of shares (as a % of the total sh. of prom. and promoter group),--,--,--,--,--,
- Per. of shares (as a % of the total Share Cap. of the company),--,--,--,--,--,
b) Non-encumbered,,,,,,
- Number of shares (Crores).,--,--,--,--,--,
- Per. of shares (as a % of the total sh. of prom. and promoter group).,--,--,--,--,--,
- Per. of shares (as a % of the total Share Cap. of the company).,--,--,--,--,--,
