Yearly Results of Asian Paints (in Rs. Cr.),Mar '04,Mar '03,Mar '02,Mar '01,Mar '00,
Net Sales/Income from operations,"1,742.46","1,573.78","1,396.49","1,205.75","1,066.17",
Other Operating Income,--,--,--,--,--,
Total Income From Operations,"1,742.46","1,573.78","1,396.49","1,205.75","1,066.17",
EXPENDITURE,,,,,,
Consumption of Raw Materials,993.47,877.91,725.98,703.79,--,
Purchase of Traded Goods,--,--,--,--,--,
Increase/Decrease in Stocks,-3.51,-30.38,26.79,-8.00,--,
Power & Fuel,--,--,--,--,--,
Employees Cost,101.56,106.42,92.04,72.98,--,
Depreciation,48.01,45.13,41.78,31.58,27.84,
Excise Duty,--,--,--,--,--,
Admin. And Selling Expenses,--,--,--,--,--,
R & D Expenses,--,--,--,--,--,
Provisions And Contingencies,--,--,--,--,--,
Exp. Capitalised,--,--,--,--,--,
Other Expenses,381.40,355.75,328.64,236.65,888.53,
"P/L Before Other Inc. , Int., Excpt. Items & Tax",221.53,218.97,181.25,168.75,149.80,
Other Income,21.68,14.22,14.74,9.26,13.58,
"P/L Before Int., Excpt. Items & Tax",243.21,233.20,195.99,178.01,163.38,
Interest,5.27,8.35,14.58,22.12,20.29,
P/L Before Exceptional Items & Tax,237.94,224.85,181.41,155.89,143.09,
Exceptional Items,--,--,--,--,--,
P/L Before Tax,237.94,224.85,181.41,155.89,143.09,
Tax,83.55,81.48,66.09,49.50,45.75,
P/L After Tax from Ordinary Activities,154.39,143.37,115.33,106.39,97.34,
Prior Year Adjustments,0.21,-1.36,-1.02,-0.81,--,
Extra Ordinary Items,-6.81,--,--,--,--,
Net Profit/(Loss) For the Period,147.79,142.01,114.31,105.58,97.34,
Equity Share Capital,95.92,64.19,64.19,64.19,40.12,
Reserves Excluding Revaluation Reserves,435.62,412.43,346.37,347.01,317.29,
Equity Dividend Rate (%),85.00,110.00,90.00,70.00,100.00,
EPS Before Extra Ordinary,,,,,,
Basic EPS,--,--,--,--,--,
Diluted EPS,--,--,--,--,--,
EPS After Extra Ordinary,,,,,,
Basic EPS.,--,--,--,--,--,
Diluted EPS.,--,--,--,--,--,
Public Share Holding,,,,,,
No Of Shares (Crores),5.48,3.68,3.69,3.58,--,
Share Holding (%),57.11,57.40,57.53,55.85,--,
Promoters and Promoter Group Shareholding,,,,,,
a) Pledged/Encumbered,,,,,,
- Number of shares (Crores),--,--,--,--,--,
- Per. of shares (as a % of the total sh. of prom. and promoter group),--,--,--,--,--,
- Per. of shares (as a % of the total Share Cap. of the company),--,--,--,--,--,
b) Non-encumbered,,,,,,
- Number of shares (Crores).,--,--,--,--,--,
- Per. of shares (as a % of the total sh. of prom. and promoter group).,--,--,--,--,--,
- Per. of shares (as a % of the total Share Cap. of the company).,--,--,--,--,--,
