Yearly Results of Asian Paints (in Rs. Cr.),Mar '24,Mar '23,Mar '22,Mar '21,Mar '20,
Net Sales/Income from operations,"30,727.71","29,953.12","25,002.09","18,516.86","17,194.09",
Other Operating Income,122.41,125.28,--,--,--,
Total Income From Operations,"30,850.12","30,078.40","25,002.09","18,516.86","17,194.09",
EXPENDITURE,,,,,,
Consumption of Raw Materials,"13,418.08","14,790.95","13,838.90","8,524.17","8,432.51",
Purchase of Traded Goods,"3,444.33","3,836.33","2,978.69","1,649.06","1,283.88",
Increase/Decrease in Stocks,356.98,-299.74,"-1,208.63",-90.70,-210.21,
Power & Fuel,--,--,--,--,--,
Employees Cost,"1,747.89","1,513.89","1,310.14","1,128.66",985.43,
Depreciation,734.49,755.83,721.56,697.47,689.97,
Excise Duty,--,--,--,--,--,
Admin. And Selling Expenses,--,--,--,--,--,
R & D Expenses,--,--,--,--,--,
Provisions And Contingencies,--,--,--,--,--,
Exp. Capitalised,--,--,--,--,--,
Other Expenses,"4,852.45","4,416.49","3,229.73","2,812.48","2,845.44",
"P/L Before Other Inc. , Int., Excpt. Items & Tax","6,295.90","5,064.65","4,131.70","3,795.72","3,167.07",
Other Income,824.56,518.01,186.42,366.32,357.54,
"P/L Before Int., Excpt. Items & Tax","7,120.46","5,582.66","4,318.12","4,162.04","3,524.61",
Interest,115.42,93.06,70.25,71.66,78.38,
P/L Before Exceptional Items & Tax,"7,005.04","5,489.60","4,247.87","4,090.38","3,446.23",
Exceptional Items,--,--,-53.73,--,-33.20,
P/L Before Tax,"7,005.04","5,489.60","4,194.14","4,090.38","3,413.03",
Tax,"1,683.49","1,389.42","1,059.43","1,037.87",759.08,
P/L After Tax from Ordinary Activities,"5,321.55","4,100.18","3,134.71","3,052.51","2,653.95",
Prior Year Adjustments,--,--,--,--,--,
Extra Ordinary Items,--,--,--,--,--,
Net Profit/(Loss) For the Period,"5,321.55","4,100.18","3,134.71","3,052.51","2,653.95",
Equity Share Capital,95.92,95.92,95.92,95.92,95.92,
Reserves Excluding Revaluation Reserves,"18,329.17","15,489.64","13,253.17","11,995.18","9,357.37",
Equity Dividend Rate (%),"3,330.00","2,565.00","1,915.00","1,785.00","1,200.00",
EPS Before Extra Ordinary,,,,,,
Basic EPS,55.50,42.76,32.68,31.82,27.67,
Diluted EPS,55.49,42.76,32.68,31.82,27.67,
EPS After Extra Ordinary,,,,,,
Basic EPS.,55.50,42.76,32.68,31.82,27.67,
Diluted EPS.,55.49,42.76,32.68,31.82,27.67,
Public Share Holding,,,,,,
No Of Shares (Crores),--,--,--,--,--,
Share Holding (%),--,--,--,--,--,
Promoters and Promoter Group Shareholding,,,,,,
a) Pledged/Encumbered,,,,,,
- Number of shares (Crores),--,--,--,--,--,
- Per. of shares (as a % of the total sh. of prom. and promoter group),--,--,--,--,--,
- Per. of shares (as a % of the total Share Cap. of the company),--,--,--,--,--,
b) Non-encumbered,,,,,,
- Number of shares (Crores).,--,--,--,--,--,
- Per. of shares (as a % of the total sh. of prom. and promoter group).,--,--,--,--,--,
- Per. of shares (as a % of the total Share Cap. of the company).,--,--,--,--,--,
