Yearly Results of Asian Paints (in Rs. Cr.),Mar '19,Mar '18,Mar '17,Mar '16,Mar '15,
Net Sales/Income from operations,"16,391.78","14,167.86","12,647.11","11,830.33","11,485.67",
Other Operating Income,--,--,--,--,163.16,
Total Income From Operations,"16,391.78","14,167.86","12,647.11","11,830.33","11,648.83",
EXPENDITURE,,,,,,
Consumption of Raw Materials,"8,647.82","7,100.16","6,737.45","5,865.94","6,191.72",
Purchase of Traded Goods,"1,010.66",742.57,646.53,524.42,380.56,
Increase/Decrease in Stocks,-247.86,154.12,-515.58,194.51,-132.43,
Power & Fuel,--,--,--,--,--,
Employees Cost,902.79,791.08,742.83,666.83,606.94,
Depreciation,382.18,311.11,295.43,234.51,223.11,
Excise Duty,--,--,--,--,--,
Admin. And Selling Expenses,--,--,--,--,--,
R & D Expenses,--,--,--,--,--,
Provisions And Contingencies,--,--,--,--,--,
Exp. Capitalised,--,--,--,--,--,
Other Expenses,"2,770.42","2,459.43","2,364.44","2,101.70","2,591.52",
"P/L Before Other Inc. , Int., Excpt. Items & Tax","2,925.77","2,609.39","2,376.01","2,242.42","1,787.41",
Other Income,278.81,277.50,300.90,249.43,186.82,
"P/L Before Int., Excpt. Items & Tax","3,204.58","2,886.89","2,676.91","2,491.85","1,974.23",
Interest,30.01,21.06,18.86,23.40,27.13,
P/L Before Exceptional Items & Tax,"3,174.57","2,865.83","2,658.05","2,468.45","1,947.10",
Exceptional Items,--,--,--,-65.35,-13.53,
P/L Before Tax,"3,174.57","2,865.83","2,658.05","2,403.10","1,933.57",
Tax,"1,039.81",971.03,854.95,780.29,606.17,
P/L After Tax from Ordinary Activities,"2,134.76","1,894.80","1,803.10","1,622.81","1,327.40",
Prior Year Adjustments,--,--,--,--,--,
Extra Ordinary Items,--,--,--,--,--,
Net Profit/(Loss) For the Period,"2,134.76","1,894.80","1,803.10","1,622.81","1,327.40",
Equity Share Capital,95.92,95.92,95.92,95.92,95.92,
Reserves Excluding Revaluation Reserves,"8,747.04","7,702.24","6,998.83","4,867.24","4,134.34",
Equity Dividend Rate (%),"1,050.00",870.00,"1,030.00",750.00,610.00,
EPS Before Extra Ordinary,,,,,,
Basic EPS,22.26,19.75,18.80,16.92,13.84,
Diluted EPS,22.26,19.75,18.80,16.92,13.84,
EPS After Extra Ordinary,,,,,,
Basic EPS.,22.26,19.75,18.80,16.92,13.84,
Diluted EPS.,22.26,19.75,18.80,16.92,13.84,
Public Share Holding,,,,,,
No Of Shares (Crores),--,--,--,--,45.28,
Share Holding (%),--,--,--,--,47.21,
Promoters and Promoter Group Shareholding,,,,,,
a) Pledged/Encumbered,,,,,,
- Number of shares (Crores),--,--,--,--,6.61,
- Per. of shares (as a % of the total sh. of prom. and promoter group),--,--,--,--,13.06,
- Per. of shares (as a % of the total Share Cap. of the company),--,--,--,--,6.89,
b) Non-encumbered,,,,,,
- Number of shares (Crores).,--,--,--,--,44.02,
- Per. of shares (as a % of the total sh. of prom. and promoter group).,--,--,--,--,86.94,
- Per. of shares (as a % of the total Share Cap. of the company).,--,--,--,--,45.90,
