Yearly Results of Asian Paints (in Rs. Cr.),Mar '14,Mar '13,Mar '12,Mar '11,Mar '10,
Net Sales/Income from operations,"10,300.22","8,921.13","7,924.70","6,322.24","5,125.08",
Other Operating Income,118.56,50.57,39.46,--,--,
Total Income From Operations,"10,418.78","8,971.70","7,964.16","6,322.24","5,125.08",
EXPENDITURE,,,,,,
Consumption of Raw Materials,"5,758.71","5,125.48","4,722.74","3,681.53","2,855.25",
Purchase of Traded Goods,256.58,199.56,120.41,105.56,--,
Increase/Decrease in Stocks,-75.34,-136.17,-115.07,-140.22,-107.16,
Power & Fuel,--,--,--,--,--,
Employees Cost,482.43,404.59,341.63,300.45,260.84,
Depreciation,212.32,126.98,99.49,94.48,60.74,
Excise Duty,--,--,--,--,--,
Admin. And Selling Expenses,--,--,--,--,--,
R & D Expenses,--,--,--,--,--,
Provisions And Contingencies,--,--,--,--,--,
Exp. Capitalised,--,--,--,--,--,
Other Expenses,"2,219.13","1,830.97","1,542.70","1,230.42","1,106.15",
"P/L Before Other Inc. , Int., Excpt. Items & Tax","1,564.95","1,420.29","1,252.26","1,050.02",949.26,
Other Income,173.66,126.15,141.49,88.16,143.85,
"P/L Before Int., Excpt. Items & Tax","1,738.61","1,546.44","1,393.75","1,138.18","1,093.11",
Interest,26.08,30.56,30.82,15.35,13.76,
P/L Before Exceptional Items & Tax,"1,712.53","1,515.88","1,362.93","1,122.83","1,079.35",
Exceptional Items,-9.96,--,--,--,--,
P/L Before Tax,"1,702.57","1,515.88","1,362.93","1,122.83","1,079.35",
Tax,533.51,465.88,404.54,351.90,336.46,
P/L After Tax from Ordinary Activities,"1,169.06","1,050.00",958.39,770.93,742.89,
Prior Year Adjustments,--,--,--,4.22,6.15,
Extra Ordinary Items,--,--,--,--,25.46,
Net Profit/(Loss) For the Period,"1,169.06","1,050.00",958.39,775.15,774.50,
Equity Share Capital,95.92,95.92,95.92,95.92,95.92,
Reserves Excluding Revaluation Reserves,"3,505.01","2,926.34","2,391.86","1,879.40","1,461.30",
Equity Dividend Rate (%),530.00,460.00,400.00,320.00,270.00,
EPS Before Extra Ordinary,,,,,,
Basic EPS,12.19,109.47,99.92,80.81,--,
Diluted EPS,12.19,109.47,99.92,80.81,--,
EPS After Extra Ordinary,,,,,,
Basic EPS.,12.19,109.47,99.92,80.81,--,
Diluted EPS.,12.19,109.47,99.92,80.81,--,
Public Share Holding,,,,,,
No Of Shares (Crores),45.28,4.53,4.53,4.57,4.75,
Share Holding (%),47.21,47.21,47.21,47.66,49.47,
Promoters and Promoter Group Shareholding,,,,,,
a) Pledged/Encumbered,,,,,,
- Number of shares (Crores),9.42,0.78,1.09,1.14,--,
- Per. of shares (as a % of the total sh. of prom. and promoter group),18.60,15.48,21.51,22.72,--,
- Per. of shares (as a % of the total Share Cap. of the company),9.82,8.17,11.36,11.89,--,
b) Non-encumbered,,,,,,
- Number of shares (Crores).,41.22,4.28,3.97,3.88,--,
- Per. of shares (as a % of the total sh. of prom. and promoter group).,81.40,84.52,78.49,77.28,--,
- Per. of shares (as a % of the total Share Cap. of the company).,42.97,44.61,41.43,40.45,--,
