Yearly Results of Asian Paints (in Rs. Cr.),Mar '99,Mar '98,Mar '97,Mar '96,Mar '95,
Net Sales/Income from operations,894.74,800.35,737.20,704.59,511.58,
Other Operating Income,--,--,--,--,--,
Total Income From Operations,894.74,800.35,737.20,704.59,511.58,
EXPENDITURE,,,,,,
Consumption of Raw Materials,--,--,--,--,--,
Purchase of Traded Goods,--,--,--,--,--,
Increase/Decrease in Stocks,--,--,--,--,--,
Power & Fuel,--,--,--,--,--,
Employees Cost,--,--,--,--,--,
Depreciation,22.69,16.99,12.11,9.02,7.67,
Excise Duty,--,--,--,--,--,
Admin. And Selling Expenses,--,--,--,--,--,
R & D Expenses,--,--,--,--,--,
Provisions And Contingencies,--,--,--,--,--,
Exp. Capitalised,--,--,--,--,--,
Other Expenses,770.81,682.40,625.58,610.80,431.59,
"P/L Before Other Inc. , Int., Excpt. Items & Tax",101.24,100.96,99.51,84.76,72.32,
Other Income,14.90,19.13,7.55,9.76,10.48,
"P/L Before Int., Excpt. Items & Tax",116.14,120.08,107.06,94.52,82.80,
Interest,22.33,19.59,21.68,14.17,10.27,
P/L Before Exceptional Items & Tax,93.81,100.50,85.38,80.35,72.52,
Exceptional Items,--,--,--,--,--,
P/L Before Tax,93.81,100.50,85.38,80.35,72.52,
Tax,24.00,33.00,30.00,27.00,29.00,
P/L After Tax from Ordinary Activities,69.81,67.50,55.38,53.35,43.52,
Prior Year Adjustments,--,--,--,--,--,
Extra Ordinary Items,7.07,--,--,--,--,
Net Profit/(Loss) For the Period,76.88,67.50,55.38,53.35,43.52,
Equity Share Capital,40.12,40.12,40.12,40.12,19.91,
Reserves Excluding Revaluation Reserves,264.39,220.38,186.29,164.01,147.71,
Equity Dividend Rate (%),80.00,75.00,75.00,65.00,65.00,
EPS Before Extra Ordinary,,,,,,
Basic EPS,--,--,--,--,--,
Diluted EPS,--,--,--,--,--,
EPS After Extra Ordinary,,,,,,
Basic EPS.,--,--,--,--,--,
Diluted EPS.,--,--,--,--,--,
Public Share Holding,,,,,,
No Of Shares (Crores),--,--,--,--,--,
Share Holding (%),--,--,--,--,--,
Promoters and Promoter Group Shareholding,,,,,,
a) Pledged/Encumbered,,,,,,
- Number of shares (Crores),--,--,--,--,--,
- Per. of shares (as a % of the total sh. of prom. and promoter group),--,--,--,--,--,
- Per. of shares (as a % of the total Share Cap. of the company),--,--,--,--,--,
b) Non-encumbered,,,,,,
- Number of shares (Crores).,--,--,--,--,--,
- Per. of shares (as a % of the total sh. of prom. and promoter group).,--,--,--,--,--,
- Per. of shares (as a % of the total Share Cap. of the company).,--,--,--,--,--,
