Yearly Results of Asian Paints (in Rs. Cr.),Mar '09,Mar '08,Mar '07,Mar '06,Mar '05,
Net Sales/Income from operations,"4,270.05","3,416.16","2,821.29","2,319.16","1,941.52",
Other Operating Income,--,--,--,--,--,
Total Income From Operations,"4,270.05","3,416.16","2,821.29","2,319.16","1,941.52",
EXPENDITURE,,,,,,
Consumption of Raw Materials,"2,548.42","1,934.06","1,712.73","1,351.22","1,185.61",
Purchase of Traded Goods,--,--,--,--,--,
Increase/Decrease in Stocks,-17.57,-33.99,-52.02,0.51,-70.20,
Power & Fuel,--,--,--,--,--,
Employees Cost,238.90,194.67,154.96,128.98,117.93,
Depreciation,57.15,43.77,45.42,45.53,47.61,
Excise Duty,--,--,--,--,--,
Admin. And Selling Expenses,--,--,--,--,--,
R & D Expenses,--,--,--,--,--,
Provisions And Contingencies,--,--,--,--,--,
Exp. Capitalised,--,--,--,--,--,
Other Expenses,939.03,767.41,583.87,486.52,414.41,
"P/L Before Other Inc. , Int., Excpt. Items & Tax",504.12,510.24,376.34,306.39,246.17,
Other Income,60.06,62.58,40.45,35.93,31.61,
"P/L Before Int., Excpt. Items & Tax",564.18,572.82,416.79,342.32,277.79,
Interest,10.40,8.27,6.87,3.83,2.75,
P/L Before Exceptional Items & Tax,553.78,564.55,409.92,338.49,275.03,
Exceptional Items,--,--,--,--,--,
P/L Before Tax,553.78,564.55,409.92,338.49,275.03,
Tax,185.97,186.66,139.99,117.08,96.98,
P/L After Tax from Ordinary Activities,367.81,377.89,269.93,221.41,178.05,
Prior Year Adjustments,-0.45,-2.69,2.12,-1.03,-0.33,
Extra Ordinary Items,-5.90,--,--,-33.60,-4.23,
Net Profit/(Loss) For the Period,361.46,375.20,272.05,186.78,173.48,
Equity Share Capital,95.92,95.92,95.92,95.92,95.92,
Reserves Excluding Revaluation Reserves,998.55,832.58,648.16,526.36,476.30,
Equity Dividend Rate (%),175.00,170.00,130.00,125.00,95.00,
EPS Before Extra Ordinary,,,,,,
Basic EPS,--,--,--,--,--,
Diluted EPS,--,--,--,--,--,
EPS After Extra Ordinary,,,,,,
Basic EPS.,--,--,--,--,--,
Diluted EPS.,--,--,--,--,--,
Public Share Holding,,,,,,
No Of Shares (Crores),4.80,4.85,5.00,5.06,5.48,
Share Holding (%),50.02,50.53,52.18,52.77,57.14,
Promoters and Promoter Group Shareholding,,,,,,
a) Pledged/Encumbered,,,,,,
- Number of shares (Crores),--,--,--,--,--,
- Per. of shares (as a % of the total sh. of prom. and promoter group),--,--,--,--,--,
- Per. of shares (as a % of the total Share Cap. of the company),--,--,--,--,--,
b) Non-encumbered,,,,,,
- Number of shares (Crores).,--,--,--,--,--,
- Per. of shares (as a % of the total sh. of prom. and promoter group).,--,--,--,--,--,
- Per. of shares (as a % of the total Share Cap. of the company).,--,--,--,--,--,
