Quarterly Results of Adani Ports and Special Economic Zone (in Rs. Cr.),Sep '21,Jun '21,Mar '21,Dec '20,Sep '20,
Net Sales/Income from operations,"1,090.02","1,210.82","1,192.29","1,305.18","1,081.96",
Other Operating Income,--,--,--,--,--,
Total Income From Operations,"1,090.02","1,210.82","1,192.29","1,305.18","1,081.96",
EXPENDITURE,,,,,,
Consumption of Raw Materials,--,--,--,--,--,
Purchase of Traded Goods,--,--,--,--,--,
Increase/Decrease in Stocks,--,--,--,--,--,
Power & Fuel,--,--,--,--,--,
Employees Cost,64.88,60.01,55.51,60.92,60.20,
depreciat,155.65,156.16,153.27,155.92,155.70,
Excise Duty,--,--,--,--,--,
Admin. And Selling Expenses,--,--,--,--,--,
R & D Expenses,--,--,--,--,--,
Provisions And Contingencies,--,--,--,--,--,
Exp. Capitalised,--,--,--,--,--,
Other Expenses,291.84,686.20,325.50,141.67,-158.52,
"P/L Before Other Inc. , Int., Excpt. Items & Tax",577.65,308.45,658.01,946.67,"1,024.58",
Other Income,656.29,519.18,478.33,611.77,597.67,
"P/L Before Int., Excpt. Items & Tax","1,233.94",827.63,"1,136.34","1,558.44","1,622.25",
Interest,630.90,533.36,661.03,614.20,563.90,
P/L Before Exceptional Items & Tax,603.04,294.27,475.31,944.24,"1,058.35",
Exceptional Items,-120.60,--,--,--,--,
P/L Before Tax,482.44,294.27,475.31,944.24,"1,058.35",
Tax,153.70,105.87,152.23,321.69,362.63,
P/L After Tax from Ordinary Activities,328.74,188.40,323.08,622.55,695.72,
Prior Year Adjustments,--,--,--,--,--,
Extra Ordinary Items,--,--,--,--,--,
Net Profit/(Loss) For the Period,328.74,188.40,323.08,622.55,695.72,
Equity Share Capital,408.35,408.35,406.35,406.35,406.35,
Reserves Excluding Revaluation Reserves,--,--,--,--,--,
Equity Dividend Rate (%),--,--,--,--,--,
EPS Before Extra Ordinary,,,,,,
Basic EPS,1.61,0.92,1.59,3.06,3.42,
Diluted EPS,1.61,0.92,1.59,3.06,3.42,
EPS After Extra Ordinary,,,,,,
Basic EPS.,1.61,0.92,1.59,3.06,3.42,
Diluted EPS.,1.61,0.92,1.59,3.06,3.42,
Public Share Holding,,,,,,
No Of Shares (Crores),--,--,--,--,--,
Share Holding (%),--,--,--,--,--,
Promoters and Promoter Group Shareholding,,,,,,
a) Pledged/Encumbered,,,,,,
- Number of shares (Crores),--,--,--,--,--,
- Per. of shares (as a % of the total sh. of prom. and promoter group),--,--,--,--,--,
- Per. of shares (as a % of the total Share Cap. of the company),--,--,--,--,--,
b) Non-encumbered,,,,,,
- Number of shares (Crores).,--,--,--,--,--,
- Per. of shares (as a % of the total sh. of prom. and promoter group).,--,--,--,--,--,
- Per. of shares (as a % of the total Share Cap. of the company).,--,--,--,--,--,
