Quarterly Results of Adani Ports and Special Economic Zone (in Rs. Cr.),Jun '10,Mar '10,Dec '09,Sep '09,Jun '09,
Net Sales/Income from operations,415.65,420.54,337.84,327.37,306.77,
Other Operating Income,--,--,--,--,--,
Total Income From Operations,415.65,420.54,337.84,327.37,306.77,
EXPENDITURE,,,,,,
Consumption of Raw Materials,--,--,--,--,--,
Purchase of Traded Goods,--,--,--,--,--,
Increase/Decrease in Stocks,--,--,--,--,--,
Power & Fuel,--,--,--,--,--,
Employees Cost,14.72,15.92,14.18,12.68,11.30,
depreciat,47.63,50.13,43.31,38.92,35.78,
Excise Duty,--,--,--,--,--,
Admin. And Selling Expenses,--,--,--,--,--,
R & D Expenses,--,--,--,--,--,
Provisions And Contingencies,--,--,--,--,--,
Exp. Capitalised,--,--,--,--,--,
Other Expenses,111.40,152.52,90.61,80.97,75.36,
"P/L Before Other Inc. , Int., Excpt. Items & Tax",241.92,201.98,189.75,194.79,184.33,
Other Income,0.77,4.67,1.86,9.97,14.58,
"P/L Before Int., Excpt. Items & Tax",242.68,206.64,191.61,204.76,198.91,
Interest,24.68,-0.30,8.06,20.35,13.35,
P/L Before Exceptional Items & Tax,218.00,206.94,183.55,184.41,185.56,
Exceptional Items,--,--,--,--,--,
P/L Before Tax,218.00,206.94,183.55,184.41,185.56,
Tax,6.70,14.76,20.29,9.62,14.80,
P/L After Tax from Ordinary Activities,211.30,192.18,163.26,174.79,170.76,
Prior Year Adjustments,--,--,--,--,--,
Extra Ordinary Items,--,--,--,--,--,
Net Profit/(Loss) For the Period,211.30,192.18,163.26,174.79,170.76,
Equity Share Capital,400.68,400.68,400.68,400.68,400.68,
Reserves Excluding Revaluation Reserves,--,"3,084.76",--,--,--,
Equity Dividend Rate (%),--,--,--,--,--,
EPS Before Extra Ordinary,,,,,,
Basic EPS,5.27,--,--,--,--,
Diluted EPS,5.27,--,--,--,--,
EPS After Extra Ordinary,,,,,,
Basic EPS.,5.27,--,--,--,--,
Diluted EPS.,5.27,--,--,--,--,
Public Share Holding,,,,,,
No Of Shares (Crores),9.02,7.95,7.60,7.60,7.60,
Share Holding (%),22.50,19.83,18.96,18.96,18.96,
Promoters and Promoter Group Shareholding,,,,,,
a) Pledged/Encumbered,,,,,,
- Number of shares (Crores),1.36,--,--,--,--,
- Per. of shares (as a % of the total sh. of prom. and promoter group),4.39,--,--,--,--,
- Per. of shares (as a % of the total Share Cap. of the company),3.40,--,--,--,--,
b) Non-encumbered,,,,,,
- Number of shares (Crores).,29.69,--,--,--,--,
- Per. of shares (as a % of the total sh. of prom. and promoter group).,95.61,--,--,--,--,
- Per. of shares (as a % of the total Share Cap. of the company).,74.10,--,--,--,--,
