Quarterly Results of Adani Ports and Special Economic Zone (in Rs. Cr.),Sep '16,Jun '16,Mar '16,Dec '15,Sep '15,
Net Sales/Income from operations,"1,277.92","1,020.81",942.35,"1,027.38","1,539.07",
Other Operating Income,23.95,34.35,--,32.93,20.60,
Total Income From Operations,"1,301.87","1,055.16",942.35,"1,060.31","1,559.67",
EXPENDITURE,,,,,,
Consumption of Raw Materials,--,--,--,--,--,
Purchase of Traded Goods,--,--,--,--,--,
Increase/Decrease in Stocks,--,--,--,--,--,
Power & Fuel,--,--,--,--,--,
Employees Cost,56.65,49.03,46.03,43.04,50.53,
depreciat,133.31,135.34,118.85,143.56,132.03,
Excise Duty,--,--,--,--,--,
Admin. And Selling Expenses,--,--,--,--,--,
R & D Expenses,--,--,--,--,--,
Provisions And Contingencies,--,--,--,--,--,
Exp. Capitalised,--,--,--,--,--,
Other Expenses,254.91,284.89,279.16,279.82,300.48,
"P/L Before Other Inc. , Int., Excpt. Items & Tax",857.00,585.90,498.31,593.89,"1,076.63",
Other Income,295.91,272.00,382.68,282.81,263.02,
"P/L Before Int., Excpt. Items & Tax","1,152.91",857.90,880.99,876.70,"1,339.65",
Interest,217.65,238.22,152.16,212.58,259.85,
P/L Before Exceptional Items & Tax,935.26,619.68,728.83,664.12,"1,079.80",
Exceptional Items,--,--,--,--,--,
P/L Before Tax,935.26,619.68,728.83,664.12,"1,079.80",
Tax,18.59,16.84,75.51,27.98,20.29,
P/L After Tax from Ordinary Activities,916.67,602.84,653.32,636.14,"1,059.51",
Prior Year Adjustments,--,--,--,--,--,
Extra Ordinary Items,--,--,--,--,--,
Net Profit/(Loss) For the Period,916.67,602.84,653.32,636.14,"1,059.51",
Equity Share Capital,414.19,414.19,414.19,414.19,414.19,
Reserves Excluding Revaluation Reserves,--,--,--,--,--,
Equity Dividend Rate (%),--,--,--,--,--,
EPS Before Extra Ordinary,,,,,,
Basic EPS,4.43,2.91,3.15,3.07,5.12,
Diluted EPS,4.43,2.91,3.15,3.07,5.12,
EPS After Extra Ordinary,,,,,,
Basic EPS.,4.43,2.91,3.15,3.07,5.12,
Diluted EPS.,4.43,2.91,3.15,3.07,5.12,
Public Share Holding,,,,,,
No Of Shares (Crores),--,--,--,--,--,
Share Holding (%),--,--,--,--,--,
Promoters and Promoter Group Shareholding,,,,,,
a) Pledged/Encumbered,,,,,,
- Number of shares (Crores),--,--,--,--,--,
- Per. of shares (as a % of the total sh. of prom. and promoter group),--,--,--,--,--,
- Per. of shares (as a % of the total Share Cap. of the company),--,--,--,--,--,
b) Non-encumbered,,,,,,
- Number of shares (Crores).,--,--,--,--,--,
- Per. of shares (as a % of the total sh. of prom. and promoter group).,--,--,--,--,--,
- Per. of shares (as a % of the total Share Cap. of the company).,--,--,--,--,--,
