Quarterly Results of Adani Ports and Special Economic Zone (in Rs. Cr.),Mar '19,Dec '18,Sep '18,Jun '18,Mar '18,
Net Sales/Income from operations,"1,594.28","1,457.60","1,203.27","1,081.23","1,944.35",
Other Operating Income,--,--,--,--,--,
Total Income From Operations,"1,594.28","1,457.60","1,203.27","1,081.23","1,944.35",
EXPENDITURE,,,,,,
Consumption of Raw Materials,--,--,--,--,--,
Purchase of Traded Goods,--,--,--,--,--,
Increase/Decrease in Stocks,--,--,--,--,--,
Power & Fuel,--,--,--,--,--,
Employees Cost,71.36,51.26,56.16,52.11,48.39,
depreciat,126.15,111.49,121.88,114.69,116.55,
Excise Duty,--,--,--,--,--,
Admin. And Selling Expenses,--,--,--,--,--,
R & D Expenses,--,--,--,--,--,
Provisions And Contingencies,--,--,--,--,--,
Exp. Capitalised,--,--,--,--,--,
Other Expenses,335.11,59.80,783.14,588.75,850.83,
"P/L Before Other Inc. , Int., Excpt. Items & Tax","1,061.66","1,235.05",242.09,325.68,928.58,
Other Income,572.35,465.78,852.45,452.32,478.36,
"P/L Before Int., Excpt. Items & Tax","1,634.01","1,700.83","1,094.54",778.00,"1,406.94",
Interest,491.36,457.59,250.17,222.72,390.87,
P/L Before Exceptional Items & Tax,"1,142.65","1,243.24",844.37,555.28,"1,016.07",
Exceptional Items,-121.90,--,--,--,--,
P/L Before Tax,"1,020.75","1,243.24",844.37,555.28,"1,016.07",
Tax,346.27,326.92,156.81,195.92,315.48,
P/L After Tax from Ordinary Activities,674.48,916.32,687.56,359.36,700.59,
Prior Year Adjustments,--,--,--,--,--,
Extra Ordinary Items,--,--,--,--,--,
Net Profit/(Loss) For the Period,674.48,916.32,687.56,359.36,700.59,
Equity Share Capital,414.19,414.19,414.19,414.19,414.19,
Reserves Excluding Revaluation Reserves,--,--,--,--,--,
Equity Dividend Rate (%),--,--,--,--,--,
EPS Before Extra Ordinary,,,,,,
Basic EPS,3.26,4.42,3.32,1.74,3.38,
Diluted EPS,3.26,4.42,3.32,1.74,3.38,
EPS After Extra Ordinary,,,,,,
Basic EPS.,3.26,4.42,3.32,1.74,3.38,
Diluted EPS.,3.26,4.42,3.32,1.74,3.38,
Public Share Holding,,,,,,
No Of Shares (Crores),--,--,--,--,--,
Share Holding (%),--,--,--,--,--,
Promoters and Promoter Group Shareholding,,,,,,
a) Pledged/Encumbered,,,,,,
- Number of shares (Crores),--,--,--,--,--,
- Per. of shares (as a % of the total sh. of prom. and promoter group),--,--,--,--,--,
- Per. of shares (as a % of the total Share Cap. of the company),--,--,--,--,--,
b) Non-encumbered,,,,,,
- Number of shares (Crores).,--,--,--,--,--,
- Per. of shares (as a % of the total sh. of prom. and promoter group).,--,--,--,--,--,
- Per. of shares (as a % of the total Share Cap. of the company).,--,--,--,--,--,
