Quarterly Results of Adani Ports and Special Economic Zone (in Rs. Cr.),Mar '24,Dec '23,Sep '23,Jun '23,Mar '23,
Net Sales/Income from operations,"1,963.59","1,886.67","1,529.79","1,426.61","1,383.82",
Other Operating Income,--,--,--,--,--,
Total Income From Operations,"1,963.59","1,886.67","1,529.79","1,426.61","1,383.82",
EXPENDITURE,,,,,,
Consumption of Raw Materials,--,--,--,--,--,
Purchase of Traded Goods,--,--,--,--,--,
Increase/Decrease in Stocks,--,--,--,--,--,
Power & Fuel,--,--,--,--,--,
Employees Cost,109.53,65.76,71.27,86.37,86.93,
depreciat,162.44,167.51,165.46,160.18,152.50,
Excise Duty,--,--,--,--,--,
Admin. And Selling Expenses,--,--,--,--,--,
R & D Expenses,--,--,--,--,--,
Provisions And Contingencies,--,--,--,--,--,
Exp. Capitalised,--,--,--,--,--,
Other Expenses,657.43,637.02,777.05,364.33,304.13,
"P/L Before Other Inc. , Int., Excpt. Items & Tax","1,034.19","1,016.38",516.01,815.73,840.26,
Other Income,523.75,587.51,415.93,450.17,"1,458.58",
"P/L Before Int., Excpt. Items & Tax","1,557.94","1,603.89",931.94,"1,265.90","2,298.84",
Interest,731.47,794.31,618.80,683.13,744.37,
P/L Before Exceptional Items & Tax,826.47,809.58,313.14,582.77,"1,554.47",
Exceptional Items,--,--,--,--,"-1,558.16",
P/L Before Tax,826.47,809.58,313.14,582.77,-3.69,
Tax,203.57,284.09,117.25,188.66,-195.54,
P/L After Tax from Ordinary Activities,622.90,525.49,195.89,394.11,191.85,
Prior Year Adjustments,--,--,--,--,--,
Extra Ordinary Items,--,--,--,--,--,
Net Profit/(Loss) For the Period,622.90,525.49,195.89,394.11,191.85,
Equity Share Capital,432.03,432.03,432.03,432.03,432.03,
Reserves Excluding Revaluation Reserves,--,--,--,--,--,
Equity Dividend Rate (%),--,--,--,--,--,
EPS Before Extra Ordinary,,,,,,
Basic EPS,2.88,2.43,0.91,1.82,0.89,
Diluted EPS,2.88,2.43,0.91,1.82,0.89,
EPS After Extra Ordinary,,,,,,
Basic EPS.,2.88,2.43,0.91,1.82,0.89,
Diluted EPS.,2.88,2.43,0.91,1.82,0.89,
Public Share Holding,,,,,,
No Of Shares (Crores),--,--,--,--,--,
Share Holding (%),--,--,--,--,--,
Promoters and Promoter Group Shareholding,,,,,,
a) Pledged/Encumbered,,,,,,
- Number of shares (Crores),--,--,--,--,--,
- Per. of shares (as a % of the total sh. of prom. and promoter group),--,--,--,--,--,
- Per. of shares (as a % of the total Share Cap. of the company),--,--,--,--,--,
b) Non-encumbered,,,,,,
- Number of shares (Crores).,--,--,--,--,--,
- Per. of shares (as a % of the total sh. of prom. and promoter group).,--,--,--,--,--,
- Per. of shares (as a % of the total Share Cap. of the company).,--,--,--,--,--,
