Quarterly Results of Adani Ports and Special Economic Zone (in Rs. Cr.),Dec '17,Sep '17,Jun '17,Mar '17,Dec '16,
Net Sales/Income from operations,"1,417.28","1,526.74","1,805.77","1,234.85","1,309.83",
Other Operating Income,--,--,--,--,14.67,
Total Income From Operations,"1,417.28","1,526.74","1,805.77","1,234.85","1,324.50",
EXPENDITURE,,,,,,
Consumption of Raw Materials,--,--,--,--,--,
Purchase of Traded Goods,--,--,--,--,--,
Increase/Decrease in Stocks,--,--,--,--,--,
Power & Fuel,--,--,--,--,--,
Employees Cost,46.67,42.87,55.85,50.09,55.22,
depreciat,113.88,120.84,126.43,136.20,135.86,
Excise Duty,--,--,--,--,--,
Admin. And Selling Expenses,--,--,--,--,--,
R & D Expenses,--,--,--,--,--,
Provisions And Contingencies,--,--,--,--,--,
Exp. Capitalised,--,--,--,--,--,
Other Expenses,109.91,323.59,622.72,98.73,343.44,
"P/L Before Other Inc. , Int., Excpt. Items & Tax","1,146.82","1,039.44","1,000.77",949.83,789.98,
Other Income,407.59,380.50,340.87,395.88,283.36,
"P/L Before Int., Excpt. Items & Tax","1,554.41","1,419.94","1,341.64","1,345.71","1,073.34",
Interest,314.54,367.47,384.00,416.39,264.66,
P/L Before Exceptional Items & Tax,"1,239.87","1,052.47",957.64,929.32,808.68,
Exceptional Items,-297.38,--,--,--,-64.34,
P/L Before Tax,942.49,"1,052.47",957.64,929.32,744.34,
Tax,416.50,370.62,366.93,91.83,--,
P/L After Tax from Ordinary Activities,525.99,681.85,590.71,837.49,744.34,
Prior Year Adjustments,--,--,--,--,--,
Extra Ordinary Items,--,--,--,--,--,
Net Profit/(Loss) For the Period,525.99,681.85,590.71,837.49,744.34,
Equity Share Capital,414.19,414.19,414.19,414.19,414.19,
Reserves Excluding Revaluation Reserves,--,--,--,--,--,
Equity Dividend Rate (%),--,--,--,--,--,
EPS Before Extra Ordinary,,,,,,
Basic EPS,2.54,3.29,2.85,4.04,3.59,
Diluted EPS,2.54,3.29,2.85,4.04,3.59,
EPS After Extra Ordinary,,,,,,
Basic EPS.,2.54,3.29,2.85,4.04,3.59,
Diluted EPS.,2.54,3.29,2.85,4.04,3.59,
Public Share Holding,,,,,,
No Of Shares (Crores),--,--,--,--,--,
Share Holding (%),--,--,--,--,--,
Promoters and Promoter Group Shareholding,,,,,,
a) Pledged/Encumbered,,,,,,
- Number of shares (Crores),--,--,--,--,--,
- Per. of shares (as a % of the total sh. of prom. and promoter group),--,--,--,--,--,
- Per. of shares (as a % of the total Share Cap. of the company),--,--,--,--,--,
b) Non-encumbered,,,,,,
- Number of shares (Crores).,--,--,--,--,--,
- Per. of shares (as a % of the total sh. of prom. and promoter group).,--,--,--,--,--,
- Per. of shares (as a % of the total Share Cap. of the company).,--,--,--,--,--,
