Quarterly Results of Adani Ports and Special Economic Zone (in Rs. Cr.),Mar '14,Dec '13,Sep '13,Jun '13,Mar '13,
Net Sales/Income from operations,801.08,801.84,794.10,"1,638.78",771.51,
Other Operating Income,69.15,78.13,83.69,79.01,143.68,
Total Income From Operations,870.23,879.97,877.79,"1,717.79",915.19,
EXPENDITURE,,,,,,
Consumption of Raw Materials,--,--,--,--,--,
Purchase of Traded Goods,--,--,--,--,--,
Increase/Decrease in Stocks,--,--,--,--,--,
Power & Fuel,--,--,--,--,--,
Employees Cost,29.22,37.43,25.58,24.77,24.32,
depreciat,109.22,121.76,120.03,104.70,97.22,
Excise Duty,--,--,--,--,--,
Admin. And Selling Expenses,--,--,--,--,--,
R & D Expenses,--,--,--,--,--,
Provisions And Contingencies,--,--,--,--,--,
Exp. Capitalised,--,--,--,--,--,
Other Expenses,273.15,273.81,231.93,709.82,238.51,
"P/L Before Other Inc. , Int., Excpt. Items & Tax",458.64,446.97,500.25,878.50,555.14,
Other Income,171.42,172.04,250.08,86.21,115.97,
"P/L Before Int., Excpt. Items & Tax",630.06,619.01,750.33,964.71,671.11,
Interest,45.74,103.21,327.13,277.78,121.65,
P/L Before Exceptional Items & Tax,584.32,515.80,423.20,686.93,549.46,
Exceptional Items,--,--,--,--,--,
P/L Before Tax,584.32,515.80,423.20,686.93,549.46,
Tax,55.97,38.75,75.58,23.78,58.69,
P/L After Tax from Ordinary Activities,528.35,477.05,347.62,663.15,490.77,
Prior Year Adjustments,--,--,--,--,--,
Extra Ordinary Items,--,--,--,--,--,
Net Profit/(Loss) For the Period,528.35,477.05,347.62,663.15,490.77,
Equity Share Capital,414.01,414.01,414.01,414.01,400.68,
Reserves Excluding Revaluation Reserves,--,--,--,--,--,
Equity Dividend Rate (%),--,--,--,--,--,
EPS Before Extra Ordinary,,,,,,
Basic EPS,2.55,2.30,1.68,3.28,2.45,
Diluted EPS,2.55,2.30,1.68,3.28,2.45,
EPS After Extra Ordinary,,,,,,
Basic EPS.,2.55,2.30,1.68,3.28,2.45,
Diluted EPS.,2.55,2.30,1.68,3.28,2.45,
Public Share Holding,,,,,,
No Of Shares (Crores),51.75,51.75,51.75,51.75,45.09,
Share Holding (%),25.00,25.00,25.00,25.00,22.50,
Promoters and Promoter Group Shareholding,,,,,,
a) Pledged/Encumbered,,,,,,
- Number of shares (Crores),3.70,--,--,--,--,
- Per. of shares (as a % of the total sh. of prom. and promoter group),2.39,--,--,--,--,
- Per. of shares (as a % of the total Share Cap. of the company),1.79,--,--,--,--,
b) Non-encumbered,,,,,,
- Number of shares (Crores).,151.55,155.25,155.25,155.25,155.25,
- Per. of shares (as a % of the total sh. of prom. and promoter group).,97.61,100.00,100.00,100.00,100.00,
- Per. of shares (as a % of the total Share Cap. of the company).,73.21,72.00,75.00,75.00,77.50,
