Quarterly Results of Adani Ports and Special Economic Zone (in Rs. Cr.),Mar '09,Dec '08,Sep '08,Jun '08,Mar '08,
Net Sales/Income from operations,284.51,300.89,296.00,253.73,328.65,
Other Operating Income,--,--,--,--,--,
Total Income From Operations,284.51,300.89,296.00,253.73,328.65,
EXPENDITURE,,,,,,
Consumption of Raw Materials,--,--,--,--,--,
Purchase of Traded Goods,--,--,--,--,--,
Increase/Decrease in Stocks,--,--,--,--,--,
Power & Fuel,--,--,--,--,--,
Employees Cost,10.46,8.91,8.73,8.61,8.71,
depreciat,39.14,34.75,32.18,31.16,29.15,
Excise Duty,--,--,--,--,--,
Admin. And Selling Expenses,44.01,15.87,17.62,22.39,25.58,
R & D Expenses,--,--,--,--,--,
Provisions And Contingencies,--,--,--,--,--,
Exp. Capitalised,--,--,--,--,--,
Other Expenses,64.44,87.28,64.05,45.64,59.46,
"P/L Before Other Inc. , Int., Excpt. Items & Tax",126.46,154.08,173.42,145.93,205.75,
Other Income,16.90,2.39,7.78,20.04,20.91,
"P/L Before Int., Excpt. Items & Tax",143.35,156.47,181.20,165.97,226.66,
Interest,-11.35,49.51,55.18,39.60,31.95,
P/L Before Exceptional Items & Tax,154.70,106.95,126.02,126.36,194.71,
Exceptional Items,--,--,--,--,--,
P/L Before Tax,154.70,106.95,126.02,126.36,194.71,
Tax,3.51,6.14,13.74,29.56,103.61,
P/L After Tax from Ordinary Activities,151.19,100.81,112.28,96.80,91.10,
Prior Year Adjustments,--,--,--,--,--,
Extra Ordinary Items,--,--,--,--,--,
Net Profit/(Loss) For the Period,151.19,100.81,112.28,96.80,91.10,
Equity Share Capital,400.68,400.68,400.68,400.68,400.68,
Reserves Excluding Revaluation Reserves,--,--,--,--,--,
Equity Dividend Rate (%),--,--,--,--,--,
EPS Before Extra Ordinary,,,,,,
Basic EPS,--,--,--,--,--,
Diluted EPS,--,--,--,--,--,
EPS After Extra Ordinary,,,,,,
Basic EPS.,--,--,--,--,--,
Diluted EPS.,--,--,--,--,--,
Public Share Holding,,,,,,
No Of Shares (Crores),7.53,7.53,7.49,7.49,7.49,
Share Holding (%),18.80,18.79,18.70,18.70,18.70,
Promoters and Promoter Group Shareholding,,,,,,
a) Pledged/Encumbered,,,,,,
- Number of shares (Crores),--,--,--,--,--,
- Per. of shares (as a % of the total sh. of prom. and promoter group),--,--,--,--,--,
- Per. of shares (as a % of the total Share Cap. of the company),--,--,--,--,--,
b) Non-encumbered,,,,,,
- Number of shares (Crores).,--,--,--,--,--,
- Per. of shares (as a % of the total sh. of prom. and promoter group).,--,--,--,--,--,
- Per. of shares (as a % of the total Share Cap. of the company).,--,--,--,--,--,
