Quarterly Results of Adani Ports and Special Economic Zone (in Rs. Cr.),Dec '12,Sep '12,Jun '12,Mar '12,Dec '11,
Net Sales/Income from operations,868.23,697.58,773.82,617.10,655.37,
Other Operating Income,23.95,66.69,15.59,24.78,35.25,
Total Income From Operations,892.18,764.27,789.41,641.88,690.62,
EXPENDITURE,,,,,,
Consumption of Raw Materials,--,--,--,--,--,
Purchase of Traded Goods,--,--,--,--,--,
Increase/Decrease in Stocks,--,--,--,--,--,
Power & Fuel,--,--,--,--,--,
Employees Cost,24.44,30.98,24.64,21.65,23.04,
depreciat,91.47,81.02,77.74,76.74,70.19,
Excise Duty,--,--,--,--,--,
Admin. And Selling Expenses,--,--,--,--,--,
R & D Expenses,--,--,--,--,--,
Provisions And Contingencies,--,--,--,--,--,
Exp. Capitalised,--,--,--,--,--,
Other Expenses,215.77,162.36,164.74,162.69,186.15,
"P/L Before Other Inc. , Int., Excpt. Items & Tax",560.50,489.91,522.29,380.80,411.23,
Other Income,35.18,30.57,21.53,8.35,2.82,
"P/L Before Int., Excpt. Items & Tax",595.68,520.48,543.82,389.15,414.05,
Interest,158.16,52.46,109.63,29.74,78.31,
P/L Before Exceptional Items & Tax,437.52,468.02,434.19,359.41,335.75,
Exceptional Items,--,--,--,--,--,
P/L Before Tax,437.52,468.02,434.19,359.41,335.75,
Tax,22.09,38.46,15.77,20.53,25.15,
P/L After Tax from Ordinary Activities,415.43,429.56,418.42,338.88,310.60,
Prior Year Adjustments,--,--,--,--,--,
Extra Ordinary Items,--,--,--,--,--,
Net Profit/(Loss) For the Period,415.43,429.56,418.42,338.88,310.60,
Equity Share Capital,400.68,400.68,400.68,400.68,400.68,
Reserves Excluding Revaluation Reserves,--,--,--,--,--,
Equity Dividend Rate (%),--,--,--,--,--,
EPS Before Extra Ordinary,,,,,,
Basic EPS,2.07,2.14,2.09,1.69,1.55,
Diluted EPS,2.07,2.14,2.09,1.69,1.55,
EPS After Extra Ordinary,,,,,,
Basic EPS.,2.07,2.14,2.09,1.69,1.55,
Diluted EPS.,2.07,2.14,2.09,1.69,1.55,
Public Share Holding,,,,,,
No Of Shares (Crores),45.09,45.09,45.09,45.09,45.09,
Share Holding (%),22.50,22.50,22.50,22.50,22.50,
Promoters and Promoter Group Shareholding,,,,,,
a) Pledged/Encumbered,,,,,,
- Number of shares (Crores),--,--,--,--,--,
- Per. of shares (as a % of the total sh. of prom. and promoter group),--,--,--,--,--,
- Per. of shares (as a % of the total Share Cap. of the company),--,--,--,--,--,
b) Non-encumbered,,,,,,
- Number of shares (Crores).,155.25,155.25,155.25,155.25,155.25,
- Per. of shares (as a % of the total sh. of prom. and promoter group).,100.00,100.00,100.00,100.00,100.00,
- Per. of shares (as a % of the total Share Cap. of the company).,77.50,77.50,77.50,77.50,77.50,
