Quarterly Results of Adani Ports and Special Economic Zone (in Rs. Cr.),Jun '20,Mar '20,Dec '19,Sep '19,Jun '19,
Net Sales/Income from operations,797.72,"1,185.05","1,182.76","1,071.14","1,204.33",
Other Operating Income,--,--,--,--,--,
Total Income From Operations,797.72,"1,185.05","1,182.76","1,071.14","1,204.33",
EXPENDITURE,,,,,,
Consumption of Raw Materials,--,--,--,--,--,
Purchase of Traded Goods,--,--,--,--,--,
Increase/Decrease in Stocks,--,--,--,--,--,
Power & Fuel,--,--,--,--,--,
Employees Cost,58.38,54.63,53.40,56.65,59.93,
depreciat,154.29,156.11,137.45,130.94,128.79,
Excise Duty,--,--,--,--,--,
Admin. And Selling Expenses,--,--,--,--,--,
R & D Expenses,--,--,--,--,--,
Provisions And Contingencies,--,--,--,--,--,
Exp. Capitalised,--,--,--,--,--,
Other Expenses,244.13,"1,406.65",439.48,797.00,341.61,
"P/L Before Other Inc. , Int., Excpt. Items & Tax",340.92,-432.34,552.43,86.55,674.00,
Other Income,578.54,"1,199.21",559.26,633.92,510.58,
"P/L Before Int., Excpt. Items & Tax",919.46,766.87,"1,111.69",720.47,"1,184.58",
Interest,487.72,371.34,450.19,492.82,437.53,
P/L Before Exceptional Items & Tax,431.74,395.53,661.50,227.65,747.05,
Exceptional Items,--,--,--,--,--,
P/L Before Tax,431.74,395.53,661.50,227.65,747.05,
Tax,145.16,-104.76,202.57,-258.15,257.82,
P/L After Tax from Ordinary Activities,286.58,500.29,458.93,485.80,489.23,
Prior Year Adjustments,--,--,--,--,--,
Extra Ordinary Items,--,--,--,--,--,
Net Profit/(Loss) For the Period,286.58,500.29,458.93,485.80,489.23,
Equity Share Capital,406.35,406.35,406.35,406.35,414.19,
Reserves Excluding Revaluation Reserves,--,--,--,--,--,
Equity Dividend Rate (%),--,--,--,--,--,
EPS Before Extra Ordinary,,,,,,
Basic EPS,1.41,2.46,2.26,2.35,2.36,
Diluted EPS,1.41,2.46,2.26,2.35,2.36,
EPS After Extra Ordinary,,,,,,
Basic EPS.,1.41,2.46,2.26,2.35,2.36,
Diluted EPS.,1.41,2.46,2.26,2.35,2.36,
Public Share Holding,,,,,,
No Of Shares (Crores),--,--,--,--,--,
Share Holding (%),--,--,--,--,--,
Promoters and Promoter Group Shareholding,,,,,,
a) Pledged/Encumbered,,,,,,
- Number of shares (Crores),--,--,--,--,--,
- Per. of shares (as a % of the total sh. of prom. and promoter group),--,--,--,--,--,
- Per. of shares (as a % of the total Share Cap. of the company),--,--,--,--,--,
b) Non-encumbered,,,,,,
- Number of shares (Crores).,--,--,--,--,--,
- Per. of shares (as a % of the total sh. of prom. and promoter group).,--,--,--,--,--,
- Per. of shares (as a % of the total Share Cap. of the company).,--,--,--,--,--,
