Quarterly Results of Adani Ports and Special Economic Zone (in Rs. Cr.),Sep '11,Jun '11,Mar '11,Dec '10,Sep '10,
Net Sales/Income from operations,587.76,516.08,573.53,450.77,413.51,
Other Operating Income,31.96,13.55,31.41,--,--,
Total Income From Operations,619.72,529.62,604.94,450.77,413.51,
EXPENDITURE,,,,,,
Consumption of Raw Materials,--,--,--,--,--,
Purchase of Traded Goods,--,--,--,--,--,
Increase/Decrease in Stocks,--,--,--,--,--,
Power & Fuel,--,--,--,--,--,
Employees Cost,23.66,20.57,16.92,14.83,19.36,
depreciat,67.86,58.71,58.64,53.12,48.48,
Excise Duty,--,--,--,--,--,
Admin. And Selling Expenses,--,--,--,--,--,
R & D Expenses,--,--,--,--,--,
Provisions And Contingencies,--,--,--,--,--,
Exp. Capitalised,--,--,--,--,--,
Other Expenses,185.45,146.18,146.39,126.13,120.43,
"P/L Before Other Inc. , Int., Excpt. Items & Tax",342.76,304.17,382.98,256.69,225.24,
Other Income,6.68,0.41,42.93,0.87,9.48,
"P/L Before Int., Excpt. Items & Tax",349.44,304.58,425.91,257.57,234.72,
Interest,46.44,33.15,36.88,13.27,9.16,
P/L Before Exceptional Items & Tax,303.00,271.43,389.02,244.30,225.56,
Exceptional Items,--,--,--,--,--,
P/L Before Tax,303.00,271.43,389.02,244.30,225.56,
Tax,29.58,17.06,54.29,15.84,13.89,
P/L After Tax from Ordinary Activities,273.42,254.37,334.73,228.47,211.67,
Prior Year Adjustments,--,--,--,--,--,
Extra Ordinary Items,--,--,--,--,--,
Net Profit/(Loss) For the Period,273.42,254.37,334.73,228.47,211.67,
Equity Share Capital,400.68,400.68,400.68,400.68,400.68,
Reserves Excluding Revaluation Reserves,--,--,--,--,--,
Equity Dividend Rate (%),--,--,--,--,--,
EPS Before Extra Ordinary,,,,,,
Basic EPS,1.36,1.27,1.67,--,--,
Diluted EPS,1.36,1.27,1.67,--,--,
EPS After Extra Ordinary,,,,,,
Basic EPS.,1.36,1.27,1.67,--,--,
Diluted EPS.,1.36,1.27,1.67,--,--,
Public Share Holding,,,,,,
No Of Shares (Crores),45.09,46.09,45.09,45.09,45.09,
Share Holding (%),22.50,22.50,22.50,22.50,22.50,
Promoters and Promoter Group Shareholding,,,,,,
a) Pledged/Encumbered,,,,,,
- Number of shares (Crores),--,--,--,--,--,
- Per. of shares (as a % of the total sh. of prom. and promoter group),--,--,--,--,--,
- Per. of shares (as a % of the total Share Cap. of the company),--,--,--,--,--,
b) Non-encumbered,,,,,,
- Number of shares (Crores).,155.25,155.25,155.25,--,--,
- Per. of shares (as a % of the total sh. of prom. and promoter group).,100.00,100.00,100.00,--,--,
- Per. of shares (as a % of the total Share Cap. of the company).,77.50,77.50,77.50,--,--,
