Quarterly Results of Adani Ports and Special Economic Zone (in Rs. Cr.),Jun '15,Mar '15,Dec '14,Sep '14,Jun '14,
Net Sales/Income from operations,"1,048.16",933.62,922.82,849.50,854.01,
Other Operating Income,16.94,26.66,30.91,260.77,24.72,
Total Income From Operations,"1,065.10",960.28,953.73,"1,110.27",878.73,
EXPENDITURE,,,,,,
Consumption of Raw Materials,--,--,--,--,--,
Purchase of Traded Goods,--,--,--,--,--,
Increase/Decrease in Stocks,--,--,--,--,--,
Power & Fuel,--,--,--,--,--,
Employees Cost,39.32,39.03,49.33,40.15,29.05,
depreciat,124.88,120.10,125.88,122.99,119.65,
Excise Duty,--,--,--,--,--,
Admin. And Selling Expenses,--,--,--,--,--,
R & D Expenses,--,--,--,--,--,
Provisions And Contingencies,--,--,--,--,--,
Exp. Capitalised,--,--,--,--,--,
Other Expenses,273.52,280.41,279.59,328.42,246.91,
"P/L Before Other Inc. , Int., Excpt. Items & Tax",627.38,520.74,498.93,618.71,483.12,
Other Income,236.00,177.38,224.96,169.06,164.06,
"P/L Before Int., Excpt. Items & Tax",863.38,698.12,723.89,787.77,647.18,
Interest,229.86,183.59,187.84,227.48,109.88,
P/L Before Exceptional Items & Tax,633.52,514.53,536.05,560.29,537.30,
Exceptional Items,--,--,--,--,--,
P/L Before Tax,633.52,514.53,536.05,560.29,537.30,
Tax,17.61,-39.94,-58.15,30.92,32.20,
P/L After Tax from Ordinary Activities,615.91,554.47,594.20,529.37,505.10,
Prior Year Adjustments,--,--,--,--,--,
Extra Ordinary Items,--,--,--,--,--,
Net Profit/(Loss) For the Period,615.91,554.47,594.20,529.37,505.10,
Equity Share Capital,414.19,414.01,414.01,414.01,414.01,
Reserves Excluding Revaluation Reserves,--,--,--,--,--,
Equity Dividend Rate (%),--,--,--,--,--,
EPS Before Extra Ordinary,,,,,,
Basic EPS,2.97,2.68,2.87,2.56,2.44,
Diluted EPS,2.97,2.68,2.87,2.56,2.44,
EPS After Extra Ordinary,,,,,,
Basic EPS.,2.97,2.68,2.87,2.56,2.44,
Diluted EPS.,2.97,2.68,2.87,2.56,2.44,
Public Share Holding,,,,,,
No Of Shares (Crores),90.58,51.75,51.75,51.75,51.75,
Share Holding (%),43.74,25.00,25.00,25.00,25.00,
Promoters and Promoter Group Shareholding,,,,,,
a) Pledged/Encumbered,,,,,,
- Number of shares (Crores),34.99,12.13,12.13,12.13,8.33,
- Per. of shares (as a % of the total sh. of prom. and promoter group),30.03,7.81,7.81,7.81,5.36,
- Per. of shares (as a % of the total Share Cap. of the company),16.90,5.86,5.86,5.86,4.02,
b) Non-encumbered,,,,,,
- Number of shares (Crores).,81.53,143.12,143.12,143.12,146.92,
- Per. of shares (as a % of the total sh. of prom. and promoter group).,69.97,92.19,92.19,92.19,94.64,
- Per. of shares (as a % of the total Share Cap. of the company).,39.36,69.14,69.14,69.14,70.98,
