Quarterly Results of Adani Ports and Special Economic Zone (in Rs. Cr.),Dec '07,
Net Sales/Income from operations,205.35,
Other Operating Income,--,
Total Income From Operations,205.35,
EXPENDITURE,,
Consumption of Raw Materials,--,
Purchase of Traded Goods,--,
Increase/Decrease in Stocks,--,
Power & Fuel,--,
Employees Cost,6.22,
depreciat,26.89,
Excise Duty,--,
Admin. And Selling Expenses,18.18,
R & D Expenses,--,
Provisions And Contingencies,--,
Exp. Capitalised,--,
Other Expenses,56.44,
"P/L Before Other Inc. , Int., Excpt. Items & Tax",97.62,
Other Income,4.65,
"P/L Before Int., Excpt. Items & Tax",102.27,
Interest,30.67,
P/L Before Exceptional Items & Tax,71.60,
Exceptional Items,--,
P/L Before Tax,71.60,
Tax,19.16,
P/L After Tax from Ordinary Activities,52.44,
Prior Year Adjustments,--,
Extra Ordinary Items,--,
Net Profit/(Loss) For the Period,52.44,
Equity Share Capital,400.68,
Reserves Excluding Revaluation Reserves,--,
Equity Dividend Rate (%),--,
EPS Before Extra Ordinary,,
Basic EPS,--,
Diluted EPS,--,
EPS After Extra Ordinary,,
Basic EPS.,--,
Diluted EPS.,--,
Public Share Holding,,
No Of Shares (Crores),7.49,
Share Holding (%),18.70,
Promoters and Promoter Group Shareholding,,
a) Pledged/Encumbered,,
- Number of shares (Crores),--,
- Per. of shares (as a % of the total sh. of prom. and promoter group),--,
- Per. of shares (as a % of the total Share Cap. of the company),--,
b) Non-encumbered,,
- Number of shares (Crores).,--,
- Per. of shares (as a % of the total sh. of prom. and promoter group).,--,
- Per. of shares (as a % of the total Share Cap. of the company).,--,
