Cash Flow of Apollo Hospitals Enterprises (in Rs. Cr.),Mar 14,Mar 13,Mar 12,Mar 11,Mar 10,
,12 mths,12 mths,12 mths,12 mths,12 mths,
Net Profit/Loss Before Extraordinary Items And Tax,420.17,407.98,337.52,269.32,222.17,
Net CashFlow From Operating Activities,303.08,332.57,322.72,194.99,165.30,
Net Cash Used In Investing Activities,-309.53,-631.43,-445.92,-397.89,-181.41,
Net Cash Used From Financing Activities,-40.12,367.37,168.72,58.78,237.06,
Foreign Exchange Gains / Losses,0.00,0.00,0.00,0.00,0.00,
Adjustments On Amalgamation Merger Demerger Others,0.00,0.00,0.00,0.00,0.00,
Net Inc/Dec In Cash And Cash Equivalents,-46.57,68.51,45.51,-144.12,220.94,
Cash And Cash Equivalents Begin of Year,255.47,186.96,141.44,285.56,64.62,
Cash And Cash Equivalents End Of Year,208.90,255.47,186.95,141.44,285.56,
