Cash Flow of Apollo Hospitals Enterprises (in Rs. Cr.),Mar 24,Mar 23,Mar 22,Mar 21,Mar 20,
,12 mths,12 mths,12 mths,12 mths,12 mths,
Net Profit/Loss Before Extraordinary Items And Tax,"1,328.60","1,084.80",665.20,105.00,470.30,
Net CashFlow From Operating Activities,"1,191.40","1,224.50","1,201.00",915.40,"1,096.10",
Net Cash Used In Investing Activities,-835.30,-588.50,-444.80,-764.70,-263.90,
Net Cash Used From Financing Activities,-297.00,-778.60,-637.20,-175.40,-770.70,
Foreign Exchange Gains / Losses,0.00,0.00,0.00,0.00,0.00,
Adjustments On Amalgamation Merger Demerger Others,0.00,0.00,1.30,-16.50,0.00,
Net Inc/Dec In Cash And Cash Equivalents,59.10,-142.60,120.30,-41.20,61.50,
Cash And Cash Equivalents Begin of Year,217.00,359.60,239.30,280.50,219.00,
Cash And Cash Equivalents End Of Year,276.10,217.00,359.60,239.30,280.50,
