Cash Flow of Apollo Hospitals Enterprises (in Rs. Cr.),Mar 04,
,12 mths,
Net Profit/Loss Before Extraordinary Items And Tax,58.62,
Net CashFlow From Operating Activities,61.75,
Net Cash Used In Investing Activities,-30.46,
Net Cash Used From Financing Activities,-26.45,
Foreign Exchange Gains / Losses,0.00,
Adjustments On Amalgamation Merger Demerger Others,0.00,
Net Inc/Dec In Cash And Cash Equivalents,4.84,
Cash And Cash Equivalents Begin of Year,9.52,
Cash And Cash Equivalents End Of Year,14.36,
