Cash Flow of Apollo Hospitals Enterprises (in Rs. Cr.),Mar 09,Mar 08,Mar 07,Mar 06,Mar 05,
,12 mths,12 mths,12 mths,12 mths,12 mths,
Net Profit/Loss Before Extraordinary Items And Tax,176.26,145.10,103.12,88.29,71.42,
Net CashFlow From Operating Activities,63.05,28.90,64.64,45.90,70.77,
Net Cash Used In Investing Activities,-254.55,-544.06,-80.93,-243.00,-64.17,
Net Cash Used From Financing Activities,151.56,555.32,44.25,211.63,0.95,
Foreign Exchange Gains / Losses,0.00,0.00,0.00,0.00,0.00,
Adjustments On Amalgamation Merger Demerger Others,0.00,0.00,0.00,0.00,0.00,
Net Inc/Dec In Cash And Cash Equivalents,-39.94,40.15,27.96,14.53,7.55,
Cash And Cash Equivalents Begin of Year,104.56,64.40,36.44,21.91,14.36,
Cash And Cash Equivalents End Of Year,64.62,104.56,64.40,36.44,21.91,
