Cash Flow of Apollo Hospitals Enterprises (in Rs. Cr.),Mar 19,Mar 18,Mar 17,Mar 16,Mar 15,
,12 mths,12 mths,12 mths,12 mths,12 mths,
Net Profit/Loss Before Extraordinary Items And Tax,302.73,233.20,285.15,452.13,467.33,
Net CashFlow From Operating Activities,907.27,538.75,631.76,627.84,389.06,
Net Cash Used In Investing Activities,-775.56,-378.07,-803.77,-911.62,-680.86,
Net Cash Used From Financing Activities,-159.69,-106.21,129.51,290.31,332.13,
Foreign Exchange Gains / Losses,0.00,0.00,0.00,0.00,0.00,
Adjustments On Amalgamation Merger Demerger Others,0.00,0.00,0.00,0.00,0.00,
Net Inc/Dec In Cash And Cash Equivalents,-27.98,54.46,-42.50,6.53,40.33,
Cash And Cash Equivalents Begin of Year,246.94,192.48,234.98,249.23,208.90,
Cash And Cash Equivalents End Of Year,218.96,246.94,192.48,255.76,249.23,
