Nine Months Results of Adani Enterprises (in Rs. Cr.),Dec '18,Dec '17,Dec '16,Dec '15,Dec '14,
Net Sales/Income from operations,"10,263.86","8,320.53","5,795.92","6,112.21","11,598.34",
Other Operating Income,--,--,14.57,24.29,16.60,
Total Income From Operations,"10,263.86","8,320.53","5,810.49","6,136.50","11,614.94",
EXPENDITURE,,,,,,
Consumption of Raw Materials,--,--,--,--,--,
Purchase of Traded Goods,"8,517.47","7,358.14","4,619.35","4,458.15","9,542.93",
Increase/Decrease in Stocks,-14.35,-244.53,-239.82,182.94,84.96,
Power & Fuel,--,--,--,--,--,
Employees Cost,197.35,183.31,192.41,198.63,140.75,
Depreciation,66.83,64.06,57.95,59.24,61.08,
Excise Duty,--,--,--,--,--,
Admin. And Selling Expenses,--,--,--,--,--,
R & D Expenses,--,--,--,--,--,
Provisions And Contingencies,--,--,--,--,--,
Exp. Capitalised,--,--,--,--,--,
Other Expenses,"1,151.96",618.26,782.72,"1,017.76","1,740.95",
"P/L Before Other Inc. , Int., Excpt. Items & Tax",344.60,341.29,397.88,219.78,44.27,
Other Income,290.56,357.30,587.03,725.41,"1,000.33",
"P/L Before Int., Excpt. Items & Tax",635.16,698.59,984.91,945.19,"1,044.60",
Interest,447.33,513.11,607.39,543.32,695.53,
P/L Before Exceptional Items & Tax,187.83,185.48,377.52,401.87,349.07,
Exceptional Items,-25.00,--,--,45.25,--,
P/L Before Tax,162.83,185.48,377.52,447.12,349.07,
Tax,9.52,49.60,125.06,-2.48,15.02,
P/L After Tax from Ordinary Activities,153.31,135.88,252.46,449.60,334.05,
Prior Year Adjustments,--,--,--,--,--,
Extra Ordinary Items,2.76,--,--,--,--,
Net Profit/(Loss) For the Period,156.07,135.88,252.46,449.60,334.05,
Equity Share Capital,109.98,109.98,109.98,109.98,109.98,
Reserves Excluding Revaluation Reserves,--,--,--,--,--,
Equity Dividend Rate (%),--,--,--,--,--,
EPS Before Extra Ordinary,,,,,,
Basic EPS,1.42,1.24,2.30,4.09,3.04,
Diluted EPS,1.42,1.24,2.30,4.09,3.04,
EPS After Extra Ordinary,,,,,,
Basic EPS.,1.42,1.24,2.30,4.09,3.04,
Diluted EPS.,1.42,1.24,2.30,4.09,3.04,
Public Share Holding,,,,,,
No Of Shares (Crores),--,--,--,--,27.50,
Share Holding (%),--,--,--,--,25.00,
Promoters and Promoter Group Shareholding,,,,,,
a) Pledged/Encumbered,,,,,,
- Number of shares (Crores),--,--,--,--,14.68,
- Per. of shares (as a % of the total sh. of prom. and promoter group),--,--,--,--,17.80,
- Per. of shares (as a % of the total Share Cap. of the company),--,--,--,--,13.35,
b) Non-encumbered,,,,,,
- Number of shares (Crores),--,--,--,--,67.81,
- Per. of shares (as a % of the total sh. of prom. and promoter group),--,--,--,--,82.20,
- Per. of shares (as a % of the total Share Cap. of the company),--,--,--,--,65.65,
