Nine Months Results of Adani Enterprises (in Rs. Cr.),Dec '98,Dec '97,
Net Sales/Income from operations,"1,634.68","1,858.39",
Other Operating Income,--,--,
Total Income From Operations,--,--,
EXPENDITURE,,,
Consumption of Raw Materials,--,--,
Purchase of Traded Goods,--,--,
Increase/Decrease in Stocks,--,--,
Power & Fuel,--,--,
Employees Cost,--,--,
Depreciation,1.51,1.26,
Excise Duty,--,--,
Admin. And Selling Expenses,--,--,
R & D Expenses,--,--,
Provisions And Contingencies,--,--,
Exp. Capitalised,--,--,
Other Expenses,"1,566.96","1,795.47",
"P/L Before Other Inc. , Int., Excpt. Items & Tax",--,--,
Other Income,--,--,
"P/L Before Int., Excpt. Items & Tax",--,--,
Interest,22.12,15.06,
P/L Before Exceptional Items & Tax,--,--,
Exceptional Items,--,--,
P/L Before Tax,--,--,
Tax,--,--,
P/L After Tax from Ordinary Activities,--,--,
Prior Year Adjustments,--,--,
Extra Ordinary Items,--,--,
Net Profit/(Loss) For the Period,44.09,46.60,
Equity Share Capital,22.04,11.02,
Reserves Excluding Revaluation Reserves,--,--,
Equity Dividend Rate (%),--,--,
EPS Before Extra Ordinary,,,
Basic EPS,--,--,
Diluted EPS,--,--,
EPS After Extra Ordinary,,,
Basic EPS.,--,--,
Diluted EPS.,--,--,
Public Share Holding,,,
No Of Shares (Crores),--,--,
Share Holding (%),--,--,
Promoters and Promoter Group Shareholding,,,
a) Pledged/Encumbered,,,
- Number of shares (Crores),--,--,
- Per. of shares (as a % of the total sh. of prom. and promoter group),--,--,
- Per. of shares (as a % of the total Share Cap. of the company),--,--,
b) Non-encumbered,,,
- Number of shares (Crores),--,--,
- Per. of shares (as a % of the total sh. of prom. and promoter group),--,--,
- Per. of shares (as a % of the total Share Cap. of the company),--,--,
