Nine Months Results of Adani Enterprises (in Rs. Cr.),Dec '03,Dec '02,Dec '01,Dec '00,Dec '99,
Net Sales/Income from operations,"4,759.39","2,142.33","1,899.77","2,205.80","1,970.45",
Other Operating Income,--,--,--,--,--,
Total Income From Operations,--,--,--,--,--,
EXPENDITURE,,,,,,
Consumption of Raw Materials,"4,691.88","1,998.18","1,319.54",--,--,
Purchase of Traded Goods,--,--,--,--,--,
Increase/Decrease in Stocks,-122.68,-6.36,-153.09,--,--,
Power & Fuel,--,--,--,--,--,
Employees Cost,4.72,3.92,3.25,--,--,
Depreciation,1.36,1.42,1.43,1.20,1.49,
Excise Duty,--,--,--,--,--,
Admin. And Selling Expenses,--,--,--,--,--,
R & D Expenses,--,--,--,--,--,
Provisions And Contingencies,--,--,--,--,--,
Exp. Capitalised,--,--,--,--,--,
Other Expenses,96.64,85.59,644.98,"2,118.57","1,893.87",
"P/L Before Other Inc. , Int., Excpt. Items & Tax",--,--,--,--,--,
Other Income,11.84,26.41,10.48,10.94,--,
"P/L Before Int., Excpt. Items & Tax",--,--,--,--,--,
Interest,39.93,33.46,29.56,24.76,20.90,
P/L Before Exceptional Items & Tax,--,--,--,--,--,
Exceptional Items,--,--,--,--,--,
P/L Before Tax,--,--,--,--,--,
Tax,3.89,1.42,1.10,--,--,
P/L After Tax from Ordinary Activities,--,--,--,--,--,
Prior Year Adjustments,--,--,--,--,--,
Extra Ordinary Items,--,--,--,--,--,
Net Profit/(Loss) For the Period,55.49,51.11,63.48,72.21,54.19,
Equity Share Capital,22.04,22.04,22.04,22.04,22.04,
Reserves Excluding Revaluation Reserves,--,--,--,--,--,
Equity Dividend Rate (%),--,--,--,--,--,
EPS Before Extra Ordinary,,,,,,
Basic EPS,--,--,--,--,--,
Diluted EPS,--,--,--,--,--,
EPS After Extra Ordinary,,,,,,
Basic EPS.,--,--,--,--,--,
Diluted EPS.,--,--,--,--,--,
Public Share Holding,,,,,,
No Of Shares (Crores),0.98,1.01,--,--,--,
Share Holding (%),44.60,46.01,--,--,--,
Promoters and Promoter Group Shareholding,,,,,,
a) Pledged/Encumbered,,,,,,
- Number of shares (Crores),--,--,--,--,--,
- Per. of shares (as a % of the total sh. of prom. and promoter group),--,--,--,--,--,
- Per. of shares (as a % of the total Share Cap. of the company),--,--,--,--,--,
b) Non-encumbered,,,,,,
- Number of shares (Crores),--,--,--,--,--,
- Per. of shares (as a % of the total sh. of prom. and promoter group),--,--,--,--,--,
- Per. of shares (as a % of the total Share Cap. of the company),--,--,--,--,--,
