Nine Months Results of Adani Enterprises (in Rs. Cr.),Dec '08,Dec '07,Dec '06,Dec '05,Dec '04,
Net Sales/Income from operations,"8,684.53","7,676.38","6,725.60","6,081.65","9,483.50",
Other Operating Income,--,--,--,--,--,
Total Income From Operations,"8,684.53","7,676.38",--,--,--,
EXPENDITURE,,,,,,
Consumption of Raw Materials,--,"4,417.99","6,495.32","4,035.86","9,313.94",
Purchase of Traded Goods,--,--,--,--,--,
Increase/Decrease in Stocks,467.25,-585.62,-219.01,-139.89,-208.99,
Power & Fuel,--,--,--,--,--,
Employees Cost,39.72,39.59,28.36,13.92,8.26,
Depreciation,8.85,8.30,4.42,2.34,1.39,
Excise Duty,--,--,--,--,--,
Admin. And Selling Expenses,--,--,--,--,--,
R & D Expenses,--,--,--,--,--,
Provisions And Contingencies,--,--,--,-0.05,--,
Exp. Capitalised,--,--,--,--,--,
Other Expenses,"7,715.67","3,493.91",186.71,"1,992.57",270.11,
"P/L Before Other Inc. , Int., Excpt. Items & Tax",453.04,302.21,--,--,--,
Other Income,8.66,26.32,3.14,1.61,2.23,
"P/L Before Int., Excpt. Items & Tax",461.70,328.53,--,--,--,
Interest,249.72,82.15,129.23,108.45,21.98,
P/L Before Exceptional Items & Tax,211.98,246.38,--,--,--,
Exceptional Items,--,--,--,--,--,
P/L Before Tax,211.98,246.38,--,--,--,
Tax,25.73,41.60,18.52,16.84,22.12,
P/L After Tax from Ordinary Activities,186.25,204.78,--,--,--,
Prior Year Adjustments,--,-0.38,-0.69,-0.31,-0.18,
Extra Ordinary Items,3.46,-0.30,--,0.07,--,
Net Profit/(Loss) For the Period,189.71,204.48,85.19,53.29,56.92,
Equity Share Capital,24.66,24.65,24.65,22.62,22.04,
Reserves Excluding Revaluation Reserves,--,--,--,--,--,
Equity Dividend Rate (%),--,--,--,--,--,
EPS Before Extra Ordinary,,,,,,
Basic EPS,--,8.28,--,--,--,
Diluted EPS,--,8.28,--,--,--,
EPS After Extra Ordinary,,,,,,
Basic EPS.,--,8.28,--,--,--,
Diluted EPS.,--,8.28,--,--,--,
Public Share Holding,,,,,,
No Of Shares (Crores),6.19,6.16,8.16,9.45,8.88,
Share Holding (%),25.09,25.00,33.10,41.79,40.28,
Promoters and Promoter Group Shareholding,,,,,,
a) Pledged/Encumbered,,,,,,
- Number of shares (Crores),--,--,--,--,--,
- Per. of shares (as a % of the total sh. of prom. and promoter group),--,--,--,--,--,
- Per. of shares (as a % of the total Share Cap. of the company),--,--,--,--,--,
b) Non-encumbered,,,,,,
- Number of shares (Crores),--,--,--,--,--,
- Per. of shares (as a % of the total sh. of prom. and promoter group),--,--,--,--,--,
- Per. of shares (as a % of the total Share Cap. of the company),--,--,--,--,--,
