Nine Months Results of Adani Enterprises (in Rs. Cr.),Dec '23,Dec '22,Dec '21,Dec '20,Dec '19,
Net Sales/Income from operations,"31,853.05","54,597.29","18,016.17","8,647.01","12,208.10",
Other Operating Income,--,--,--,--,--,
Total Income From Operations,"31,853.05","54,597.29","18,016.17","8,647.01","12,208.10",
EXPENDITURE,,,,,,
Consumption of Raw Materials,--,--,--,--,--,
Purchase of Traded Goods,"24,359.55","47,910.61","17,449.36","6,804.68","8,764.13",
Increase/Decrease in Stocks,"1,302.32",-435.09,"-2,108.22",47.75,785.06,
Power & Fuel,--,--,--,--,--,
Employees Cost,531.02,501.86,280.20,248.89,205.34,
Depreciation,105.18,97.33,91.34,91.46,89.98,
Excise Duty,--,--,--,--,--,
Admin. And Selling Expenses,--,--,--,--,--,
R & D Expenses,--,--,--,--,--,
Provisions And Contingencies,--,--,--,--,--,
Exp. Capitalised,--,--,--,--,--,
Other Expenses,"3,686.07","5,286.85","1,489.40",980.45,"1,594.06",
"P/L Before Other Inc. , Int., Excpt. Items & Tax","1,868.91","1,235.73",814.09,473.78,769.53,
Other Income,"1,320.73",897.20,347.48,350.93,264.62,
"P/L Before Int., Excpt. Items & Tax","3,189.64","2,132.93","1,161.57",824.71,"1,034.15",
Interest,431.03,523.20,390.67,375.45,266.86,
P/L Before Exceptional Items & Tax,"2,758.61","1,609.73",770.90,449.26,767.29,
Exceptional Items,--,--,--,-79.44,315.34,
P/L Before Tax,"2,758.61","1,609.73",770.90,369.82,"1,082.63",
Tax,691.08,427.88,276.90,127.85,303.12,
P/L After Tax from Ordinary Activities,"2,067.53","1,181.85",494.00,241.97,779.51,
Prior Year Adjustments,--,--,--,--,--,
Extra Ordinary Items,--,--,--,--,--,
Net Profit/(Loss) For the Period,"2,067.53","1,181.85",494.00,241.97,779.51,
Equity Share Capital,114.00,114.00,109.98,109.98,109.98,
Reserves Excluding Revaluation Reserves,--,--,--,--,--,
Equity Dividend Rate (%),--,--,--,--,--,
EPS Before Extra Ordinary,,,,,,
Basic EPS,18.14,10.42,4.49,2.20,7.09,
Diluted EPS,18.14,10.42,4.49,2.20,7.09,
EPS After Extra Ordinary,,,,,,
Basic EPS.,18.14,10.42,4.49,2.20,7.09,
Diluted EPS.,18.14,10.42,4.49,2.20,7.09,
Public Share Holding,,,,,,
No Of Shares (Crores),--,--,--,--,--,
Share Holding (%),--,--,--,--,--,
Promoters and Promoter Group Shareholding,,,,,,
a) Pledged/Encumbered,,,,,,
- Number of shares (Crores),--,--,--,--,--,
- Per. of shares (as a % of the total sh. of prom. and promoter group),--,--,--,--,--,
- Per. of shares (as a % of the total Share Cap. of the company),--,--,--,--,--,
b) Non-encumbered,,,,,,
- Number of shares (Crores),--,--,--,--,--,
- Per. of shares (as a % of the total sh. of prom. and promoter group),--,--,--,--,--,
- Per. of shares (as a % of the total Share Cap. of the company),--,--,--,--,--,
