Nine Months Results of Adani Enterprises (in Rs. Cr.),Dec '13,Dec '12,Dec '11,Dec '10,Dec '09,
Net Sales/Income from operations,"9,007.35","8,468.06","3,874.79","2,141.39","8,601.70",
Other Operating Income,82.68,0.56,0.62,5.51,--,
Total Income From Operations,"9,090.03","8,468.62","3,875.41","2,146.90","8,601.70",
EXPENDITURE,,,,,,
Consumption of Raw Materials,0.12,8.18,--,--,--,
Purchase of Traded Goods,"7,774.04","7,531.20","3,558.00","1,954.02",--,
Increase/Decrease in Stocks,2.86,-524.66,-363.22,-214.88,-124.54,
Power & Fuel,--,--,--,--,--,
Employees Cost,111.27,92.38,79.83,75.95,29.71,
Depreciation,44.44,43.90,16.56,9.12,9.11,
Excise Duty,--,--,--,--,--,
Admin. And Selling Expenses,--,--,--,--,--,
R & D Expenses,--,--,--,--,--,
Provisions And Contingencies,--,--,--,--,--,
Exp. Capitalised,--,--,--,--,--,
Other Expenses,"1,775.40","1,201.81",470.87,324.57,"8,298.66",
"P/L Before Other Inc. , Int., Excpt. Items & Tax",-618.10,115.81,113.37,-1.88,388.76,
Other Income,846.60,448.85,313.39,381.28,20.37,
"P/L Before Int., Excpt. Items & Tax",228.50,564.66,426.76,379.40,409.13,
Interest,581.87,170.78,170.50,62.18,185.53,
P/L Before Exceptional Items & Tax,-353.37,393.88,256.26,317.22,223.60,
Exceptional Items,--,302.91,--,-52.47,--,
P/L Before Tax,-353.37,696.79,256.26,264.75,223.60,
Tax,-72.47,103.35,65.03,45.13,36.93,
P/L After Tax from Ordinary Activities,-280.90,593.44,191.23,219.62,186.67,
Prior Year Adjustments,--,--,-0.04,-0.19,--,
Extra Ordinary Items,--,--,--,--,10.44,
Net Profit/(Loss) For the Period,-280.90,593.44,191.19,219.43,197.11,
Equity Share Capital,109.98,109.98,109.98,109.98,49.60,
Reserves Excluding Revaluation Reserves,--,--,--,--,--,
Equity Dividend Rate (%),--,--,--,--,--,
EPS Before Extra Ordinary,,,,,,
Basic EPS,-2.55,5.40,1.74,2.59,--,
Diluted EPS,-2.55,5.40,1.74,2.08,--,
EPS After Extra Ordinary,,,,,,
Basic EPS.,-2.55,5.40,1.74,2.59,--,
Diluted EPS.,-2.55,5.40,1.74,2.08,--,
Public Share Holding,,,,,,
No Of Shares (Crores),27.50,24.34,23.85,23.85,12.65,
Share Holding (%),25.00,22.13,21.68,21.68,25.51,
Promoters and Promoter Group Shareholding,,,,,,
a) Pledged/Encumbered,,,,,,
- Number of shares (Crores),11.84,9.44,--,--,--,
- Per. of shares (as a % of the total sh. of prom. and promoter group),14.36,11.03,--,--,--,
- Per. of shares (as a % of the total Share Cap. of the company),10.77,8.59,--,--,--,
b) Non-encumbered,,,,,,
- Number of shares (Crores),70.64,76.20,86.13,85.33,--,
- Per. of shares (as a % of the total sh. of prom. and promoter group),85.64,88.97,100.00,99.07,--,
- Per. of shares (as a % of the total Share Cap. of the company),64.23,69.28,78.32,77.59,--,
