Yearly Results of Adani Ports and Special Economic Zone (in Rs. Cr.),Mar '24,Mar '23,Mar '22,Mar '21,Mar '20,
Net Sales/Income from operations,"6,806.66","5,237.15","4,206.22","4,377.15","4,643.28",
Other Operating Income,--,--,--,--,--,
Total Income From Operations,"6,806.66","5,237.15","4,206.22","4,377.15","4,643.28",
EXPENDITURE,,,,,,
Consumption of Raw Materials,--,--,--,--,--,
Purchase of Traded Goods,--,--,--,--,--,
Increase/Decrease in Stocks,--,--,--,--,--,
Power & Fuel,--,--,--,--,--,
Employees Cost,332.93,294.70,238.34,235.01,224.61,
Depreciation,655.59,612.98,599.61,619.18,553.29,
Excise Duty,--,--,--,--,--,
Admin. And Selling Expenses,--,--,--,--,--,
R & D Expenses,--,--,--,--,--,
Provisions And Contingencies,--,--,--,--,--,
Exp. Capitalised,--,--,--,--,--,
Other Expenses,"2,049.11","4,117.94","2,160.36",552.78,"2,984.74",
"P/L Before Other Inc. , Int., Excpt. Items & Tax","3,769.03",211.53,"1,207.91","2,970.18",880.64,
Other Income,"1,977.36","2,998.79","2,519.31","2,266.31","2,902.97",
"P/L Before Int., Excpt. Items & Tax","5,746.39","3,210.32","3,727.22","5,236.49","3,783.61",
Interest,"3,214.47","2,680.39","2,493.66","2,326.85","1,751.88",
P/L Before Exceptional Items & Tax,"2,531.92",529.93,"1,233.56","2,909.64","2,031.73",
Exceptional Items,--,"-1,558.16",-611.83,--,--,
P/L Before Tax,"2,531.92","-1,028.23",621.73,"2,909.64","2,031.73",
Tax,793.57,-548.80,324.17,981.71,97.48,
P/L After Tax from Ordinary Activities,"1,738.35",-479.43,297.56,"1,927.93","1,934.25",
Prior Year Adjustments,--,--,--,--,--,
Extra Ordinary Items,--,--,--,--,--,
Net Profit/(Loss) For the Period,"1,738.35",-479.43,297.56,"1,927.93","1,934.25",
Equity Share Capital,432.03,432.03,422.47,406.35,406.35,
Reserves Excluding Revaluation Reserves,"28,755.60","28,104.13","25,993.26","21,228.40","19,292.29",
Equity Dividend Rate (%),300.00,250.00,250.00,250.00,160.00,
EPS Before Extra Ordinary,,,,,,
Basic EPS,8.05,-2.22,1.41,9.49,9.43,
Diluted EPS,8.05,-2.22,1.41,9.49,9.43,
EPS After Extra Ordinary,,,,,,
Basic EPS.,8.05,-2.22,1.41,9.49,9.43,
Diluted EPS.,8.05,-2.22,1.41,9.49,9.43,
Public Share Holding,,,,,,
No Of Shares (Crores),--,--,--,--,--,
Share Holding (%),--,--,--,--,--,
Promoters and Promoter Group Shareholding,,,,,,
a) Pledged/Encumbered,,,,,,
- Number of shares (Crores),--,--,--,--,--,
- Per. of shares (as a % of the total sh. of prom. and promoter group),--,--,--,--,--,
- Per. of shares (as a % of the total Share Cap. of the company),--,--,--,--,--,
b) Non-encumbered,,,,,,
- Number of shares (Crores).,--,--,--,--,--,
- Per. of shares (as a % of the total sh. of prom. and promoter group).,--,--,--,--,--,
- Per. of shares (as a % of the total Share Cap. of the company).,--,--,--,--,--,
