Yearly Results of Adani Ports and Special Economic Zone (in Rs. Cr.),Mar '09,Mar '08,Mar '07,
Net Sales/Income from operations,"1,135.12",818.21,581.44,
Other Operating Income,--,--,--,
Total Income From Operations,"1,135.12",818.21,581.44,
EXPENDITURE,,,,
Consumption of Raw Materials,--,--,--,
Purchase of Traded Goods,--,--,--,
Increase/Decrease in Stocks,--,--,--,
Power & Fuel,--,--,--,
Employees Cost,36.70,26.61,14.79,
Depreciation,137.24,100.64,80.70,
Excise Duty,--,--,--,
Admin. And Selling Expenses,97.11,73.31,58.22,
R & D Expenses,--,--,--,
Provisions And Contingencies,--,--,--,
Exp. Capitalised,--,--,--,
Other Expenses,261.41,184.18,195.45,
"P/L Before Other Inc. , Int., Excpt. Items & Tax",602.66,433.47,232.29,
Other Income,44.32,27.90,5.79,
"P/L Before Int., Excpt. Items & Tax",646.98,461.38,238.07,
Interest,132.95,106.22,63.10,
P/L Before Exceptional Items & Tax,514.03,355.16,174.97,
Exceptional Items,--,--,--,
P/L Before Tax,514.03,355.16,174.97,
Tax,52.95,149.45,-12.46,
P/L After Tax from Ordinary Activities,461.09,205.71,187.44,
Prior Year Adjustments,--,--,--,
Extra Ordinary Items,--,7.70,--,
Net Profit/(Loss) For the Period,461.09,213.41,187.44,
Equity Share Capital,400.68,400.68,360.43,
Reserves Excluding Revaluation Reserves,"2,541.78","2,209.02",383.11,
Equity Dividend Rate (%),30.00,15.00,10.00,
EPS Before Extra Ordinary,,,,
Basic EPS,--,--,--,
Diluted EPS,--,--,--,
EPS After Extra Ordinary,,,,
Basic EPS.,--,--,--,
Diluted EPS.,--,--,--,
Public Share Holding,,,,
No Of Shares (Crores),7.53,7.49,--,
Share Holding (%),18.80,18.70,--,
Promoters and Promoter Group Shareholding,,,,
a) Pledged/Encumbered,,,,
- Number of shares (Crores),--,--,--,
- Per. of shares (as a % of the total sh. of prom. and promoter group),--,--,--,
- Per. of shares (as a % of the total Share Cap. of the company),--,--,--,
b) Non-encumbered,,,,
- Number of shares (Crores).,--,--,--,
- Per. of shares (as a % of the total sh. of prom. and promoter group).,--,--,--,
- Per. of shares (as a % of the total Share Cap. of the company).,--,--,--,
