Yearly Results of Adani Ports and Special Economic Zone (in Rs. Cr.),Mar '19,Mar '18,Mar '17,Mar '16,Mar '15,
Net Sales/Income from operations,"5,336.38","6,533.82","4,878.86","4,619.17","3,561.26",
Other Operating Income,--,--,--,--,348.10,
Total Income From Operations,"5,336.38","6,533.82","4,878.86","4,619.17","3,909.36",
EXPENDITURE,,,,,,
Consumption of Raw Materials,--,--,--,--,--,
Purchase of Traded Goods,--,--,--,--,--,
Increase/Decrease in Stocks,--,--,--,--,--,
Power & Fuel,--,--,--,--,--,
Employees Cost,230.89,193.78,210.99,178.92,157.56,
Depreciation,474.21,470.52,540.71,519.32,488.62,
Excise Duty,--,--,--,--,--,
Admin. And Selling Expenses,--,--,--,--,--,
R & D Expenses,--,--,--,--,--,
Provisions And Contingencies,--,--,--,--,--,
Exp. Capitalised,--,--,--,--,--,
Other Expenses,"1,766.80","1,893.40",920.49,"1,132.98","1,144.38",
"P/L Before Other Inc. , Int., Excpt. Items & Tax","2,864.48","3,976.12","3,206.67","2,787.95","2,118.80",
Other Income,"2,342.90","1,607.32","1,284.67","1,172.77",738.16,
"P/L Before Int., Excpt. Items & Tax","5,207.38","5,583.44","4,491.34","3,960.72","2,856.96",
Interest,"1,421.84","1,456.88","1,198.40",854.45,708.79,
P/L Before Exceptional Items & Tax,"3,785.54","4,126.56","3,292.94","3,106.27","2,148.17",
Exceptional Items,-121.90,-297.38,--,--,--,
P/L Before Tax,"3,663.64","3,829.18","3,292.94","3,106.27","2,148.17",
Tax,"1,025.92","1,421.08",192.33,141.77,-34.97,
P/L After Tax from Ordinary Activities,"2,637.72","2,408.10","3,100.61","2,964.50","2,183.14",
Prior Year Adjustments,--,--,--,--,--,
Extra Ordinary Items,--,--,--,--,--,
Net Profit/(Loss) For the Period,"2,637.72","2,408.10","3,100.61","2,964.50","2,183.14",
Equity Share Capital,414.19,414.19,414.19,414.19,414.01,
Reserves Excluding Revaluation Reserves,"19,911.60","17,703.19","16,284.78","13,151.62","10,786.34",
Equity Dividend Rate (%),10.00,100.00,65.00,55.00,55.00,
EPS Before Extra Ordinary,,,,,,
Basic EPS,12.74,11.63,14.97,14.31,10.55,
Diluted EPS,12.74,11.63,14.97,14.31,10.55,
EPS After Extra Ordinary,,,,,,
Basic EPS.,12.74,11.63,14.97,14.31,10.55,
Diluted EPS.,12.74,11.63,14.97,14.31,10.55,
Public Share Holding,,,,,,
No Of Shares (Crores),--,--,--,--,51.75,
Share Holding (%),--,--,--,--,25.00,
Promoters and Promoter Group Shareholding,,,,,,
a) Pledged/Encumbered,,,,,,
- Number of shares (Crores),--,--,--,--,12.13,
- Per. of shares (as a % of the total sh. of prom. and promoter group),--,--,--,--,7.81,
- Per. of shares (as a % of the total Share Cap. of the company),--,--,--,--,5.86,
b) Non-encumbered,,,,,,
- Number of shares (Crores).,--,--,--,--,143.12,
- Per. of shares (as a % of the total sh. of prom. and promoter group).,--,--,--,--,92.19,
- Per. of shares (as a % of the total Share Cap. of the company).,--,--,--,--,69.14,
