Yearly Results of Adani Ports and Special Economic Zone (in Rs. Cr.),Mar '14,Mar '13,Mar '12,Mar '11,Mar '10,
Net Sales/Income from operations,"4,035.80","3,111.14","2,376.37","1,885.07","1,392.52",
Other Operating Income,309.98,249.91,105.54,--,--,
Total Income From Operations,"4,345.78","3,361.05","2,481.90","1,885.07","1,392.52",
EXPENDITURE,,,,,,
Consumption of Raw Materials,--,--,--,--,--,
Purchase of Traded Goods,--,--,--,--,--,
Increase/Decrease in Stocks,--,--,--,--,--,
Power & Fuel,--,--,--,--,--,
Employees Cost,117.00,104.38,89.26,66.62,54.08,
Depreciation,455.71,342.38,273.50,207.86,168.14,
Excise Duty,--,--,--,--,--,
Admin. And Selling Expenses,--,--,--,--,--,
R & D Expenses,--,--,--,--,--,
Provisions And Contingencies,--,--,--,--,--,
Exp. Capitalised,--,--,--,--,--,
Other Expenses,"1,488.71",786.44,680.74,508.46,399.45,
"P/L Before Other Inc. , Int., Excpt. Items & Tax","2,284.36","2,127.85","1,438.40","1,102.13",770.84,
Other Income,679.75,203.24,42.70,49.76,31.08,
"P/L Before Int., Excpt. Items & Tax","2,964.11","2,331.09","1,481.10","1,151.89",801.92,
Interest,753.86,441.90,211.52,75.01,41.47,
P/L Before Exceptional Items & Tax,"2,210.25","1,889.19","1,269.58","1,076.88",760.45,
Exceptional Items,--,--,--,--,--,
P/L Before Tax,"2,210.25","1,889.19","1,269.58","1,076.88",760.45,
Tax,194.08,135.01,92.32,90.72,59.48,
P/L After Tax from Ordinary Activities,"2,016.17","1,754.18","1,177.26",986.16,700.98,
Prior Year Adjustments,--,--,--,--,--,
Extra Ordinary Items,--,--,--,--,--,
Net Profit/(Loss) For the Period,"2,016.17","1,754.18","1,177.26",986.16,700.98,
Equity Share Capital,414.01,400.68,400.68,400.68,400.68,
Reserves Excluding Revaluation Reserves,"8,919.07","6,300.48","4,817.95","3,890.58","3,084.76",
Equity Dividend Rate (%),50.00,50.00,50.00,45.00,40.00,
EPS Before Extra Ordinary,,,,,,
Basic EPS,9.80,8.76,5.88,4.92,--,
Diluted EPS,9.80,8.76,5.88,4.92,--,
EPS After Extra Ordinary,,,,,,
Basic EPS.,9.80,8.76,5.88,4.92,--,
Diluted EPS.,9.80,8.76,5.88,4.92,--,
Public Share Holding,,,,,,
No Of Shares (Crores),51.75,45.09,45.09,45.09,7.95,
Share Holding (%),25.00,22.50,22.50,22.50,19.83,
Promoters and Promoter Group Shareholding,,,,,,
a) Pledged/Encumbered,,,,,,
- Number of shares (Crores),3.70,--,--,--,--,
- Per. of shares (as a % of the total sh. of prom. and promoter group),2.39,--,--,--,--,
- Per. of shares (as a % of the total Share Cap. of the company),1.79,--,--,--,--,
b) Non-encumbered,,,,,,
- Number of shares (Crores).,151.55,155.25,155.25,155.25,--,
- Per. of shares (as a % of the total sh. of prom. and promoter group).,97.61,100.00,100.00,100.00,--,
- Per. of shares (as a % of the total Share Cap. of the company).,73.21,77.50,77.50,77.50,--,
