Yearly Results of Adani Enterprises (in Rs. Cr.),Mar '19,Mar '18,Mar '17,Mar '16,Mar '15,
Net Sales/Income from operations,"15,541.30","9,550.21","8,595.01","8,148.86","14,909.01",
Other Operating Income,--,--,--,--,23.84,
Total Income From Operations,"15,541.30","9,550.21","8,595.01","8,148.86","14,932.85",
EXPENDITURE,,,,,,
Consumption of Raw Materials,--,--,--,--,--,
Purchase of Traded Goods,"13,230.36","8,508.36","6,792.79","6,092.91","11,734.02",
Increase/Decrease in Stocks,-605.27,-730.06,-62.16,51.43,484.63,
Power & Fuel,--,--,--,--,--,
Employees Cost,239.36,235.34,247.07,239.39,174.70,
Depreciation,101.19,87.41,78.86,79.36,81.73,
Excise Duty,--,--,--,--,--,
Admin. And Selling Expenses,--,--,--,--,--,
R & D Expenses,--,--,--,--,--,
Provisions And Contingencies,--,--,--,--,--,
Exp. Capitalised,--,--,--,--,--,
Other Expenses,"1,728.87",910.08,"1,047.96","1,472.04","2,449.02",
"P/L Before Other Inc. , Int., Excpt. Items & Tax",846.79,539.08,490.49,213.73,8.75,
Other Income,382.30,616.21,687.17,977.64,"1,279.65",
"P/L Before Int., Excpt. Items & Tax","1,229.09","1,155.29","1,177.66","1,191.37","1,288.40",
Interest,581.07,666.35,791.71,717.14,927.44,
P/L Before Exceptional Items & Tax,648.02,488.94,385.95,474.23,360.96,
Exceptional Items,-20.82,-181.05,--,41.73,70.99,
P/L Before Tax,627.20,307.89,385.95,515.96,431.95,
Tax,142.29,96.91,164.31,-4.15,25.10,
P/L After Tax from Ordinary Activities,484.91,210.98,221.64,520.11,406.85,
Prior Year Adjustments,--,--,--,--,--,
Extra Ordinary Items,2.33,-13.95,--,--,--,
Net Profit/(Loss) For the Period,487.24,197.03,221.64,520.11,406.85,
Equity Share Capital,109.98,109.98,109.98,109.98,109.98,
Reserves Excluding Revaluation Reserves,"3,138.84","3,798.42","3,657.20","3,450.32","10,168.08",
Equity Dividend Rate (%),40.00,40.00,40.00,40.00,140.00,
EPS Before Extra Ordinary,,,,,,
Basic EPS,4.43,1.79,2.02,4.73,3.70,
Diluted EPS,4.43,1.79,2.02,4.73,3.70,
EPS After Extra Ordinary,,,,,,
Basic EPS.,4.43,1.79,2.02,4.73,3.70,
Diluted EPS.,4.43,1.79,2.02,4.73,3.70,
Public Share Holding,,,,,,
No Of Shares (Crores),--,--,--,--,27.50,
Share Holding (%),--,--,--,--,25.00,
Promoters and Promoter Group Shareholding,,,,,,
a) Pledged/Encumbered,,,,,,
- Number of shares (Crores),--,--,--,--,12.96,
- Per. of shares (as a % of the total sh. of prom. and promoter group),--,--,--,--,15.71,
- Per. of shares (as a % of the total Share Cap. of the company),--,--,--,--,11.79,
b) Non-encumbered,,,,,,
- Number of shares (Crores).,--,--,--,--,69.52,
- Per. of shares (as a % of the total sh. of prom. and promoter group).,--,--,--,--,84.29,
- Per. of shares (as a % of the total Share Cap. of the company).,--,--,--,--,63.21,
