Yearly Results of Adani Enterprises (in Rs. Cr.),Mar '94,
Net Sales/Income from operations,370.01,
Other Operating Income,--,
Total Income From Operations,--,
EXPENDITURE,,
Consumption of Raw Materials,--,
Purchase of Traded Goods,--,
Increase/Decrease in Stocks,--,
Power & Fuel,--,
Employees Cost,--,
Depreciation,0.03,
Excise Duty,--,
Admin. And Selling Expenses,--,
R & D Expenses,--,
Provisions And Contingencies,--,
Exp. Capitalised,--,
Other Expenses,355.27,
"P/L Before Other Inc. , Int., Excpt. Items & Tax",--,
Other Income,--,
"P/L Before Int., Excpt. Items & Tax",--,
Interest,1.16,
P/L Before Exceptional Items & Tax,--,
Exceptional Items,--,
P/L Before Tax,--,
Tax,0.37,
P/L After Tax from Ordinary Activities,--,
Prior Year Adjustments,--,
Extra Ordinary Items,--,
Net Profit/(Loss) For the Period,13.19,
Equity Share Capital,3.75,
Reserves Excluding Revaluation Reserves,13.06,
Equity Dividend Rate (%),--,
EPS Before Extra Ordinary,,
Basic EPS,--,
Diluted EPS,--,
EPS After Extra Ordinary,,
Basic EPS.,--,
Diluted EPS.,--,
Public Share Holding,,
No Of Shares (Crores),--,
Share Holding (%),--,
Promoters and Promoter Group Shareholding,,
a) Pledged/Encumbered,,
- Number of shares (Crores),--,
- Per. of shares (as a % of the total sh. of prom. and promoter group),--,
- Per. of shares (as a % of the total Share Cap. of the company),--,
b) Non-encumbered,,
- Number of shares (Crores).,--,
- Per. of shares (as a % of the total sh. of prom. and promoter group).,--,
- Per. of shares (as a % of the total Share Cap. of the company).,--,
