Yearly Results of Adani Enterprises (in Rs. Cr.),Mar '24,Mar '23,Mar '22,Mar '21,Mar '20,
Net Sales/Income from operations,"32,012.03","67,324.71","26,824.05","13,358.73","16,208.69",
Other Operating Income,--,--,--,--,--,
Total Income From Operations,"32,012.03","67,324.71","26,824.05","13,358.73","16,208.69",
EXPENDITURE,,,,,,
Consumption of Raw Materials,--,--,--,--,--,
Purchase of Traded Goods,"21,982.11","57,222.42","26,608.32","10,125.04","12,303.72",
Increase/Decrease in Stocks,"1,087.59",757.94,"-3,743.31",434.03,376.27,
Power & Fuel,--,--,--,--,--,
Employees Cost,702.03,651.90,381.84,312.17,275.87,
Depreciation,142.59,131.04,124.73,121.51,120.97,
Excise Duty,--,--,--,--,--,
Admin. And Selling Expenses,--,--,--,--,--,
R & D Expenses,--,--,--,--,--,
Provisions And Contingencies,--,--,--,--,--,
Exp. Capitalised,--,--,--,--,--,
Other Expenses,"5,331.25","6,878.30","2,271.39","1,483.86","2,506.97",
"P/L Before Other Inc. , Int., Excpt. Items & Tax","2,766.46","1,683.11","1,181.08",882.12,624.89,
Other Income,"1,667.12","1,267.51",503.50,391.92,410.33,
"P/L Before Int., Excpt. Items & Tax","4,433.58","2,950.62","1,684.58","1,274.04","1,035.22",
Interest,638.19,665.21,571.33,505.93,381.01,
P/L Before Exceptional Items & Tax,"3,795.39","2,285.41","1,113.25",768.11,654.21,
Exceptional Items,--,-71.67,--,-212.85,315.34,
P/L Before Tax,"3,795.39","2,213.74","1,113.25",555.26,969.55,
Tax,952.36,591.01,392.55,186.45,270.66,
P/L After Tax from Ordinary Activities,"2,843.03","1,622.73",720.70,368.81,698.89,
Prior Year Adjustments,--,--,--,--,--,
Extra Ordinary Items,1.23,--,--,--,--,
Net Profit/(Loss) For the Period,"2,844.26","1,622.73",720.70,368.81,698.89,
Equity Share Capital,114.00,114.00,109.98,109.98,109.98,
Reserves Excluding Revaluation Reserves,"16,525.54","13,819.78","4,620.68","4,018.01","3,651.02",
Equity Dividend Rate (%),130.00,120.00,100.00,100.00,100.00,
EPS Before Extra Ordinary,,,,,,
Basic EPS,24.95,14.29,6.55,3.35,6.35,
Diluted EPS,24.95,14.29,6.55,3.35,6.35,
EPS After Extra Ordinary,,,,,,
Basic EPS.,24.95,14.29,6.55,3.35,6.35,
Diluted EPS.,24.95,14.29,6.55,3.35,6.35,
Public Share Holding,,,,,,
No Of Shares (Crores),--,--,--,--,--,
Share Holding (%),--,--,--,--,--,
Promoters and Promoter Group Shareholding,,,,,,
a) Pledged/Encumbered,,,,,,
- Number of shares (Crores),--,--,--,--,--,
- Per. of shares (as a % of the total sh. of prom. and promoter group),--,--,--,--,--,
- Per. of shares (as a % of the total Share Cap. of the company),--,--,--,--,--,
b) Non-encumbered,,,,,,
- Number of shares (Crores).,--,--,--,--,--,
- Per. of shares (as a % of the total sh. of prom. and promoter group).,--,--,--,--,--,
- Per. of shares (as a % of the total Share Cap. of the company).,--,--,--,--,--,
