Yearly Results of Adani Enterprises (in Rs. Cr.),Mar '09,Mar '08,Mar '07,Mar '06,Mar '05,
Net Sales/Income from operations,"11,575.05","11,595.44","10,151.66","9,337.88","13,515.84",
Other Operating Income,--,--,--,--,--,
Total Income From Operations,"11,575.05","11,595.44","10,151.66","9,337.88","13,515.84",
EXPENDITURE,,,,,,
Consumption of Raw Materials,--,--,"9,519.65","8,821.55","12,990.11",
Purchase of Traded Goods,--,--,--,--,--,
Increase/Decrease in Stocks,557.13,-504.27,-42.81,-5.95,-95.51,
Power & Fuel,--,--,--,--,--,
Employees Cost,62.73,53.49,33.72,22.58,11.97,
Depreciation,12.08,11.25,6.90,3.21,2.11,
Excise Duty,--,--,--,--,--,
Admin. And Selling Expenses,--,--,--,--,--,
R & D Expenses,--,--,--,--,--,
Provisions And Contingencies,--,--,--,--,--,
Exp. Capitalised,--,--,--,--,--,
Other Expenses,"10,363.73","11,557.82",295.55,229.26,428.77,
"P/L Before Other Inc. , Int., Excpt. Items & Tax",579.38,477.15,338.65,267.23,178.39,
Other Income,12.84,29.17,3.99,1.38,3.03,
"P/L Before Int., Excpt. Items & Tax",592.22,506.32,342.64,268.61,181.42,
Interest,214.43,154.38,143.68,126.57,52.15,
P/L Before Exceptional Items & Tax,377.79,351.94,198.96,142.04,129.27,
Exceptional Items,--,--,--,--,--,
P/L Before Tax,377.79,351.94,198.96,142.04,129.27,
Tax,48.18,40.44,47.62,38.11,22.33,
P/L After Tax from Ordinary Activities,329.61,311.50,151.34,103.93,106.94,
Prior Year Adjustments,--,--,-0.65,14.41,1.35,
Extra Ordinary Items,-3.19,0.57,--,--,--,
Net Profit/(Loss) For the Period,326.42,312.07,150.69,118.34,108.29,
Equity Share Capital,24.66,24.65,24.65,22.62,22.55,
Reserves Excluding Revaluation Reserves,"1,618.44","1,313.01","1,019.53",747.81,654.72,
Equity Dividend Rate (%),100.00,60.00,45.00,45.00,40.00,
EPS Before Extra Ordinary,,,,,,
Basic EPS,--,--,--,--,--,
Diluted EPS,--,--,--,--,--,
EPS After Extra Ordinary,,,,,,
Basic EPS.,--,--,--,--,--,
Diluted EPS.,--,--,--,--,--,
Public Share Holding,,,,,,
No Of Shares (Crores),6.19,6.16,8.16,9.45,9.50,
Share Holding (%),25.09,25.00,33.10,41.79,42.12,
Promoters and Promoter Group Shareholding,,,,,,
a) Pledged/Encumbered,,,,,,
- Number of shares (Crores),--,--,--,--,--,
- Per. of shares (as a % of the total sh. of prom. and promoter group),--,--,--,--,--,
- Per. of shares (as a % of the total Share Cap. of the company),--,--,--,--,--,
b) Non-encumbered,,,,,,
- Number of shares (Crores).,--,--,--,--,--,
- Per. of shares (as a % of the total sh. of prom. and promoter group).,--,--,--,--,--,
- Per. of shares (as a % of the total Share Cap. of the company).,--,--,--,--,--,
