Yearly Results of Adani Enterprises (in Rs. Cr.),Mar '04,Mar '03,Mar '02,Mar '01,Mar '00,
Net Sales/Income from operations,"7,078.35","2,811.89","2,812.44","3,014.00","2,815.56",
Other Operating Income,--,--,--,--,--,
Total Income From Operations,"7,078.35","2,811.89","2,812.44","3,014.00","2,815.56",
EXPENDITURE,,,,,,
Consumption of Raw Materials,"6,803.88","2,576.41","2,603.84",--,--,
Purchase of Traded Goods,--,--,--,--,--,
Increase/Decrease in Stocks,-142.21,47.93,-1.85,--,--,
Power & Fuel,--,--,--,--,--,
Employees Cost,7.99,5.73,6.64,--,--,
Depreciation,1.79,1.86,1.89,1.71,2.03,
Excise Duty,--,--,--,--,--,
Admin. And Selling Expenses,--,--,--,--,--,
R & D Expenses,--,--,--,--,--,
Provisions And Contingencies,--,--,--,--,--,
Exp. Capitalised,--,--,--,--,--,
Other Expenses,314.41,111.60,107.28,"2,914.19","2,717.39",
"P/L Before Other Inc. , Int., Excpt. Items & Tax",92.49,68.36,94.64,98.10,96.14,
Other Income,76.98,60.61,13.11,51.80,38.81,
"P/L Before Int., Excpt. Items & Tax",169.47,128.97,107.75,149.90,134.95,
Interest,44.32,38.14,41.78,29.93,23.95,
P/L Before Exceptional Items & Tax,125.15,90.83,65.97,119.97,111.00,
Exceptional Items,--,--,--,--,--,
P/L Before Tax,125.15,90.83,65.97,119.97,111.00,
Tax,2.05,2.58,0.30,1.67,0.02,
P/L After Tax from Ordinary Activities,123.10,88.25,65.67,118.30,110.98,
Prior Year Adjustments,0.99,0.08,--,--,--,
Extra Ordinary Items,--,--,--,--,--,
Net Profit/(Loss) For the Period,124.09,88.33,65.67,118.30,110.98,
Equity Share Capital,22.05,22.05,22.05,22.05,22.05,
Reserves Excluding Revaluation Reserves,591.67,518.63,474.06,454.86,350.03,
Equity Dividend Rate (%),40.00,30.00,30.00,30.00,25.00,
EPS Before Extra Ordinary,,,,,,
Basic EPS,--,--,--,--,--,
Diluted EPS,--,--,--,--,--,
EPS After Extra Ordinary,,,,,,
Basic EPS.,--,--,--,--,--,
Diluted EPS.,--,--,--,--,--,
Public Share Holding,,,,,,
No Of Shares (Crores),0.98,1.06,--,--,--,
Share Holding (%),44.60,48.20,--,--,--,
Promoters and Promoter Group Shareholding,,,,,,
a) Pledged/Encumbered,,,,,,
- Number of shares (Crores),--,--,--,--,--,
- Per. of shares (as a % of the total sh. of prom. and promoter group),--,--,--,--,--,
- Per. of shares (as a % of the total Share Cap. of the company),--,--,--,--,--,
b) Non-encumbered,,,,,,
- Number of shares (Crores).,--,--,--,--,--,
- Per. of shares (as a % of the total sh. of prom. and promoter group).,--,--,--,--,--,
- Per. of shares (as a % of the total Share Cap. of the company).,--,--,--,--,--,
