Yearly Results of Adani Enterprises (in Rs. Cr.),Mar '99,Mar '98,Mar '97,Mar '96,Mar '95,
Net Sales/Income from operations,"2,188.70","2,417.78","1,606.82","1,134.65",662.04,
Other Operating Income,--,--,--,--,--,
Total Income From Operations,--,--,--,--,--,
EXPENDITURE,,,,,,
Consumption of Raw Materials,--,--,--,--,--,
Purchase of Traded Goods,--,--,--,--,--,
Increase/Decrease in Stocks,--,--,--,--,--,
Power & Fuel,--,--,--,--,--,
Employees Cost,--,--,--,--,--,
Depreciation,1.99,1.94,1.59,0.82,0.11,
Excise Duty,--,--,--,--,--,
Admin. And Selling Expenses,--,--,--,--,--,
R & D Expenses,--,--,--,--,--,
Provisions And Contingencies,--,--,--,--,--,
Exp. Capitalised,--,--,--,--,--,
Other Expenses,"2,092.24","2,332.02","1,535.63","1,084.12",636.12,
"P/L Before Other Inc. , Int., Excpt. Items & Tax",--,--,--,--,--,
Other Income,--,--,--,--,--,
"P/L Before Int., Excpt. Items & Tax",--,--,--,--,--,
Interest,28.76,21.56,15.67,9.41,2.13,
P/L Before Exceptional Items & Tax,--,--,--,--,--,
Exceptional Items,--,--,--,--,--,
P/L Before Tax,--,--,--,--,--,
Tax,0.02,0.01,0.03,0.02,0.00,
P/L After Tax from Ordinary Activities,--,--,--,--,--,
Prior Year Adjustments,--,0.27,--,--,--,
Extra Ordinary Items,--,--,--,--,--,
Net Profit/(Loss) For the Period,65.69,62.24,53.89,40.27,23.68,
Equity Share Capital,11.02,11.02,11.02,5.51,5.51,
Reserves Excluding Revaluation Reserves,260.66,203.40,146.62,100.68,61.69,
Equity Dividend Rate (%),--,--,--,--,--,
EPS Before Extra Ordinary,,,,,,
Basic EPS,--,--,--,--,--,
Diluted EPS,--,--,--,--,--,
EPS After Extra Ordinary,,,,,,
Basic EPS.,--,--,--,--,--,
Diluted EPS.,--,--,--,--,--,
Public Share Holding,,,,,,
No Of Shares (Crores),--,--,--,--,--,
Share Holding (%),--,--,--,--,--,
Promoters and Promoter Group Shareholding,,,,,,
a) Pledged/Encumbered,,,,,,
- Number of shares (Crores),--,--,--,--,--,
- Per. of shares (as a % of the total sh. of prom. and promoter group),--,--,--,--,--,
- Per. of shares (as a % of the total Share Cap. of the company),--,--,--,--,--,
b) Non-encumbered,,,,,,
- Number of shares (Crores).,--,--,--,--,--,
- Per. of shares (as a % of the total sh. of prom. and promoter group).,--,--,--,--,--,
- Per. of shares (as a % of the total Share Cap. of the company).,--,--,--,--,--,
