Yearly Results of Adani Enterprises (in Rs. Cr.),Mar '14,Mar '13,Mar '12,Mar '11,Mar '10,
Net Sales/Income from operations,"11,699.54","11,886.77","5,274.85","2,926.85","11,584.78",
Other Operating Income,89.77,4.11,7.35,--,--,
Total Income From Operations,"11,789.31","11,890.88","5,282.20","2,926.85","11,584.78",
EXPENDITURE,,,,,,
Consumption of Raw Materials,0.12,10.30,--,--,--,
Purchase of Traded Goods,"10,449.88","10,091.11","4,508.92",--,--,
Increase/Decrease in Stocks,-330.95,-109.25,-154.18,-232.90,72.88,
Power & Fuel,--,--,--,--,--,
Employees Cost,148.15,123.20,104.15,95.98,38.43,
Depreciation,59.07,57.55,29.90,13.27,12.76,
Excise Duty,--,--,--,--,--,
Admin. And Selling Expenses,--,--,--,--,--,
R & D Expenses,--,--,--,--,--,
Provisions And Contingencies,--,--,--,--,--,
Exp. Capitalised,--,--,--,--,--,
Other Expenses,"2,268.32","1,620.65",700.93,"3,190.14","10,897.82",
"P/L Before Other Inc. , Int., Excpt. Items & Tax",-805.28,97.32,92.47,-139.64,562.89,
Other Income,"1,204.15",613.40,461.65,527.66,30.10,
"P/L Before Int., Excpt. Items & Tax",398.87,710.72,554.13,388.02,592.99,
Interest,761.18,302.57,165.03,74.62,310.05,
P/L Before Exceptional Items & Tax,-362.31,408.15,389.10,313.40,282.94,
Exceptional Items,--,202.99,-2.01,--,--,
P/L Before Tax,-362.31,611.14,387.09,313.40,282.94,
Tax,-183.62,91.31,25.36,-5.20,33.34,
P/L After Tax from Ordinary Activities,-178.69,519.83,361.72,318.60,249.60,
Prior Year Adjustments,--,--,--,--,--,
Extra Ordinary Items,--,--,--,-49.49,4.81,
Net Profit/(Loss) For the Period,-178.69,519.83,361.72,269.11,254.41,
Equity Share Capital,109.98,109.98,109.98,109.98,49.80,
Reserves Excluding Revaluation Reserves,"9,924.29","10,256.96","9,892.08","9,658.18","1,920.30",
Equity Dividend Rate (%),140.00,140.00,100.00,100.00,100.00,
EPS Before Extra Ordinary,,,,,,
Basic EPS,-1.62,4.73,3.29,2.53,--,
Diluted EPS,-1.62,4.73,3.29,2.53,--,
EPS After Extra Ordinary,,,,,,
Basic EPS.,-1.62,4.73,3.29,2.53,--,
Diluted EPS.,-1.62,4.73,3.29,2.53,--,
Public Share Holding,,,,,,
No Of Shares (Crores),27.50,25.89,23.85,23.85,12.85,
Share Holding (%),25.00,23.54,21.68,21.68,25.31,
Promoters and Promoter Group Shareholding,,,,,,
a) Pledged/Encumbered,,,,,,
- Number of shares (Crores),9.94,9.44,--,--,--,
- Per. of shares (as a % of the total sh. of prom. and promoter group),12.05,11.23,--,--,--,
- Per. of shares (as a % of the total Share Cap. of the company),9.04,8.59,--,--,--,
b) Non-encumbered,,,,,,
- Number of shares (Crores).,72.55,74.65,86.13,85.33,--,
- Per. of shares (as a % of the total sh. of prom. and promoter group).,87.95,88.77,100.00,99.07,--,
- Per. of shares (as a % of the total Share Cap. of the company).,65.96,67.87,78.32,77.59,--,
