Half Yearly Results of Adani Enterprises (in Rs. Cr.),Mar '04,Sep '03,Mar '03,Sep '02,Mar '02,
Net Sales/Income from operations,"4,885.64","2,192.71","1,588.65","1,223.24","1,615.97",
Other Operating Income,--,--,--,--,--,
Total Income From Operations,--,--,--,--,--,
EXPENDITURE,,,,,,
Consumption of Raw Materials,"4,644.70","2,159.18","1,410.46","1,166.08",--,
Purchase of Traded Goods,--,--,--,--,--,
Increase/Decrease in Stocks,-87.92,-54.29,84.96,-37.16,91.76,
Power & Fuel,--,--,--,--,--,
Employees Cost,4.61,3.38,2.55,3.18,4.67,
Depreciation,1.03,0.76,0.92,0.93,0.93,
Excise Duty,--,--,--,--,--,
Admin. And Selling Expenses,--,--,--,--,--,
R & D Expenses,--,--,--,--,--,
Provisions And Contingencies,--,--,--,--,--,
Exp. Capitalised,--,--,--,--,--,
Other Expenses,269.73,44.68,59.19,52.40,"1,483.80",
P/L Before Other,--,--,--,--,--,
Other Income,65.18,11.80,34.84,25.75,5.85,
P/L Before Int.,--,--,--,--,--,
Interest,23.69,20.63,15.57,22.57,20.97,
P/L Before Exceptional Items & Tax,--,--,--,--,--,
Exceptional Items,--,--,--,--,--,
P/L Before Tax,--,--,--,--,--,
Tax,1.92,0.13,2.31,0.27,0.30,
P/L After Tax from Ordinary Activities,--,--,--,--,--,
Prior Year Adjustments,-0.06,--,0.08,--,--,
Extra Ordinary Items,--,--,--,--,--,
Net Profit/(Loss) For the Period,93.06,30.04,47.53,40.72,19.39,
Equity Share Capital,22.04,22.04,22.04,22.04,22.04,
Reserves Excluding Revaluation Reserves,591.67,530.52,526.08,--,480.67,
Equity Dividend Rate (%),--,--,--,--,--,
EPS Before Extra Ordinary,,,,,,
Basic EPS,--,--,--,--,--,
Diluted EPS,--,--,--,--,--,
EPS After Extra Ordinary,,,,,,
Basic EPS.,--,--,--,--,--,
Diluted EPS.,--,--,--,--,--,
Public Share Holding,,,,,,
No Of Shares (Crores),0.98,1.03,1.06,1.09,--,
Share Holding (%),44.60,46.58,48.20,49.50,--,
Promoters and Promoter Group Shareholding,,,,,,
a) Pledged/Encumbered,,,,,,
- Number of shares (Crores),--,--,--,--,--,
- Per. of shares (as a % of the total sh. of prom. and promoter group),--,--,--,--,--,
- Per. of shares (as a % of the total Share Cap. of the company),--,--,--,--,--,
b) Non-encumbered,,,,,,
- Number of shares (Crores).,--,--,--,--,--,
- Per. of shares (as a % of the total sh. of prom. and promoter group).,--,--,--,--,--,
- Per. of shares (as a % of the total Share Cap. of the company).,--,--,--,--,--,
