Half Yearly Results of Adani Enterprises (in Rs. Cr.),Mar '24,Sep '23,Mar '23,Sep '22,Mar '22,
Net Sales/Income from operations,"20,457.11","20,606.12","24,869.57","42,455.14","16,867.78",
Other Operating Income,--,--,--,--,--,
Total Income From Operations,"20,457.11","20,606.12","24,869.57","42,455.14","16,867.78",
EXPENDITURE,,,,,,
Consumption of Raw Materials,--,--,--,--,--,
Purchase of Traded Goods,"16,328.35","14,702.43","17,753.95","39,468.47","17,486.90",
Increase/Decrease in Stocks,-930.41,"2,018.01","3,223.27","-2,465.33","-2,553.20",
Power & Fuel,--,--,--,--,--,
Employees Cost,325.15,377.01,290.40,361.50,200.68,
Depreciation,72.92,69.67,65.61,65.43,64.22,
Excise Duty,--,--,--,--,--,
Admin. And Selling Expenses,--,--,--,--,--,
R & D Expenses,--,--,--,--,--,
Provisions And Contingencies,--,--,--,--,--,
Exp. Capitalised,--,--,--,--,--,
Other Expenses,"3,007.97","2,325.42","2,878.45","3,999.85","1,322.19",
P/L Before Other,"1,653.13","1,113.58",657.89,"1,025.22",346.99,
Other Income,723.59,943.62,743.56,523.95,270.72,
P/L Before Int.,"2,376.72","2,057.20","1,401.45","1,549.17",617.71,
Interest,375.72,263.13,352.51,312.70,325.30,
P/L Before Exceptional Items & Tax,"2,001.00","1,794.07","1,048.94","1,236.47",292.41,
Exceptional Items,--,--,-71.67,--,--,
P/L Before Tax,"2,001.00","1,794.07",977.27,"1,236.47",292.41,
Tax,507.28,445.00,266.68,324.33,102.17,
P/L After Tax from Ordinary Activities,"1,493.72","1,349.07",710.59,912.14,190.24,
Prior Year Adjustments,--,--,--,--,--,
Extra Ordinary Items,1.45,--,--,--,--,
Net Profit/(Loss) For the Period,"1,495.17","1,349.07",710.59,912.14,190.24,
Equity Share Capital,114.00,114.00,114.00,114.00,109.98,
Reserves Excluding Revaluation Reserves,--,"15,032.46",--,"13,110.81",--,
Equity Dividend Rate (%),--,--,--,--,--,
EPS Before Extra Ordinary,,,,,,
Basic EPS,13.12,11.83,6.23,8.06,1.73,
Diluted EPS,--,11.83,--,8.06,--,
EPS After Extra Ordinary,,,,,,
Basic EPS.,13.12,11.83,6.23,8.06,1.73,
Diluted EPS.,--,11.83,--,8.06,--,
Public Share Holding,,,,,,
No Of Shares (Crores),--,--,--,--,--,
Share Holding (%),--,--,--,--,--,
Promoters and Promoter Group Shareholding,,,,,,
a) Pledged/Encumbered,,,,,,
- Number of shares (Crores),--,--,--,--,--,
- Per. of shares (as a % of the total sh. of prom. and promoter group),--,--,--,--,--,
- Per. of shares (as a % of the total Share Cap. of the company),--,--,--,--,--,
b) Non-encumbered,,,,,,
- Number of shares (Crores).,--,--,--,--,--,
- Per. of shares (as a % of the total sh. of prom. and promoter group).,--,--,--,--,--,
- Per. of shares (as a % of the total Share Cap. of the company).,--,--,--,--,--,
