Half Yearly Results of Adani Enterprises (in Rs. Cr.),Mar '14,Sep '13,Mar '13,Sep '12,Mar '12,
Net Sales/Income from operations,"5,733.74","5,965.80","6,719.76","5,166.99","2,601.28",
Other Operating Income,84.40,5.37,3.61,0.50,6.82,
Total Income From Operations,"5,818.14","5,971.17","6,723.37","5,167.49","2,608.10",
EXPENDITURE,,,,,,
Consumption of Raw Materials,--,0.12,4.66,5.64,--,
Purchase of Traded Goods,"5,318.87","5,131.01","6,007.68","4,083.43","2,078.00",
Increase/Decrease in Stocks,-263.16,-67.79,-167.13,57.88,61.05,
Power & Fuel,--,--,--,--,--,
Employees Cost,75.40,72.74,60.48,62.71,48.20,
Depreciation,29.54,29.53,28.82,28.73,20.40,
Excise Duty,--,--,--,--,--,
Admin. And Selling Expenses,--,--,--,--,--,
R & D Expenses,--,--,--,--,--,
Provisions And Contingencies,--,--,--,--,--,
Exp. Capitalised,--,--,--,--,--,
Other Expenses,902.08,"1,366.25",819.17,801.48,289.57,
P/L Before Other,-244.59,-560.69,-30.30,127.62,110.88,
Other Income,578.60,625.55,304.06,309.34,244.96,
P/L Before Int.,334.01,64.86,273.75,436.96,355.83,
Interest,385.60,375.58,205.15,97.42,143.89,
P/L Before Exceptional Items & Tax,-51.59,-310.72,68.60,339.54,211.94,
Exceptional Items,--,--,-99.93,302.92,-2.09,
P/L Before Tax,-51.59,-310.72,-31.32,642.46,209.85,
Tax,-111.06,-72.57,12.43,--,-10.92,
P/L After Tax from Ordinary Activities,59.47,-238.15,-43.76,642.46,220.77,
Prior Year Adjustments,--,--,--,--,--,
Extra Ordinary Items,--,--,--,--,--,
Net Profit/(Loss) For the Period,59.47,-238.15,-43.76,642.46,220.77,
Equity Share Capital,109.98,109.98,109.98,109.98,109.98,
Reserves Excluding Revaluation Reserves,--,--,--,--,--,
Equity Dividend Rate (%),--,--,--,--,--,
EPS Before Extra Ordinary,,,,,,
Basic EPS,--,-2.17,--,5.12,--,
Diluted EPS,--,-2.17,--,5.12,--,
EPS After Extra Ordinary,,,,,,
Basic EPS.,--,-2.17,--,5.12,--,
Diluted EPS.,--,-2.17,--,5.12,--,
Public Share Holding,,,,,,
No Of Shares (Crores),27.50,27.50,25.89,22.04,23.85,
Share Holding (%),25.00,25.00,23.54,20.04,21.68,
Promoters and Promoter Group Shareholding,,,,,,
a) Pledged/Encumbered,,,,,,
- Number of shares (Crores),9.94,11.84,9.44,9.44,--,
- Per. of shares (as a % of the total sh. of prom. and promoter group),12.05,14.36,11.23,10.74,--,
- Per. of shares (as a % of the total Share Cap. of the company),9.04,10.77,8.59,8.59,--,
b) Non-encumbered,,,,,,
- Number of shares (Crores).,72.55,70.64,74.65,78.50,86.13,
- Per. of shares (as a % of the total sh. of prom. and promoter group).,87.95,85.64,88.77,89.26,100.00,
- Per. of shares (as a % of the total Share Cap. of the company).,65.96,64.23,67.87,"7,137.00",78.32,
