Half Yearly Results of Adani Enterprises (in Rs. Cr.),Sep '01,Mar '01,Sep '00,Mar '00,Sep '99,
Net Sales/Income from operations,"1,196.47","1,650.44","1,363.56","1,622.93","1,192.63",
Other Operating Income,--,--,--,--,--,
Total Income From Operations,--,--,--,--,--,
EXPENDITURE,,,,,,
Consumption of Raw Materials,612.16,--,--,--,--,
Purchase of Traded Goods,--,--,--,--,--,
Increase/Decrease in Stocks,-93.61,--,--,--,--,
Power & Fuel,--,--,--,--,--,
Employees Cost,1.97,--,--,--,--,
Depreciation,0.96,0.92,0.79,1.08,0.95,
Excise Duty,--,--,--,--,--,
Admin. And Selling Expenses,--,--,--,--,--,
R & D Expenses,--,--,--,--,--,
Provisions And Contingencies,--,--,--,--,--,
Exp. Capitalised,--,--,--,--,--,
Other Expenses,615.16,"1,614.87","1,299.32","1,580.63","1,136.76",
P/L Before Other,--,--,--,--,--,
Other Income,7.26,42.55,9.25,38.81,--,
P/L Before Int.,--,--,--,--,--,
Interest,20.81,12.75,17.18,10.19,13.76,
P/L Before Exceptional Items & Tax,--,--,--,--,--,
Exceptional Items,--,--,--,--,--,
P/L Before Tax,--,--,--,--,--,
Tax,--,1.67,--,0.02,--,
P/L After Tax from Ordinary Activities,--,--,--,--,--,
Prior Year Adjustments,--,--,--,--,--,
Extra Ordinary Items,--,--,--,--,--,
Net Profit/(Loss) For the Period,46.28,62.78,55.52,69.82,41.16,
Equity Share Capital,22.04,22.04,22.04,22.04,11.02,
Reserves Excluding Revaluation Reserves,--,454.86,--,350.03,--,
Equity Dividend Rate (%),--,--,--,--,--,
EPS Before Extra Ordinary,,,,,,
Basic EPS,--,--,--,--,--,
Diluted EPS,--,--,--,--,--,
EPS After Extra Ordinary,,,,,,
Basic EPS.,--,--,--,--,--,
Diluted EPS.,--,--,--,--,--,
Public Share Holding,,,,,,
No Of Shares (Crores),--,--,--,--,--,
Share Holding (%),--,--,--,--,--,
Promoters and Promoter Group Shareholding,,,,,,
a) Pledged/Encumbered,,,,,,
- Number of shares (Crores),--,--,--,--,--,
- Per. of shares (as a % of the total sh. of prom. and promoter group),--,--,--,--,--,
- Per. of shares (as a % of the total Share Cap. of the company),--,--,--,--,--,
b) Non-encumbered,,,,,,
- Number of shares (Crores).,--,--,--,--,--,
- Per. of shares (as a % of the total sh. of prom. and promoter group).,--,--,--,--,--,
- Per. of shares (as a % of the total Share Cap. of the company).,--,--,--,--,--,
