Half Yearly Results of Adani Enterprises (in Rs. Cr.),Sep '11,Mar '11,Sep '10,Mar '10,Sep '09,
Net Sales/Income from operations,"2,673.57","1,445.93","1,480.92","5,784.14","5,800.64",
Other Operating Income,0.53,--,--,--,--,
Total Income From Operations,"2,674.10","1,445.93","1,480.92","5,784.14","5,800.64",
EXPENDITURE,,,,,,
Consumption of Raw Materials,--,--,--,--,--,
Purchase of Traded Goods,"2,431.69",--,--,--,--,
Increase/Decrease in Stocks,-215.22,-95.77,-137.13,367.85,-294.97,
Power & Fuel,--,--,--,--,--,
Employees Cost,55.95,51.51,44.47,17.05,21.38,
Depreciation,9.49,8.06,5.21,6.71,6.05,
Excise Duty,--,--,--,--,--,
Admin. And Selling Expenses,--,--,--,--,--,
R & D Expenses,--,--,--,--,--,
Provisions And Contingencies,--,--,--,--,--,
Exp. Capitalised,--,--,--,--,--,
Other Expenses,353.67,"1,644.99","1,545.15","5,132.60","5,765.22",
P/L Before Other,38.52,-162.86,23.22,259.93,302.96,
Other Income,216.70,198.89,328.77,16.93,13.17,
P/L Before Int.,255.22,36.03,351.99,276.86,316.13,
Interest,78.04,24.39,50.23,170.05,140.00,
P/L Before Exceptional Items & Tax,177.18,11.64,301.76,106.81,176.13,
Exceptional Items,0.04,--,--,--,--,
P/L Before Tax,177.22,11.64,301.76,106.81,176.13,
Tax,36.27,-45.17,39.98,9.13,24.21,
P/L After Tax from Ordinary Activities,140.95,56.81,261.78,97.68,151.92,
Prior Year Adjustments,--,-0.10,--,--,--,
Extra Ordinary Items,--,3.31,-52.70,-9.89,14.70,
Net Profit/(Loss) For the Period,140.95,60.02,209.08,87.79,166.62,
Equity Share Capital,109.98,109.98,109.98,49.80,24.73,
Reserves Excluding Revaluation Reserves,--,--,--,"1,920.30",--,
Equity Dividend Rate (%),--,--,--,--,--,
EPS Before Extra Ordinary,,,,,,
Basic EPS,1.28,--,2.55,--,--,
Diluted EPS,1.28,--,2.55,--,--,
EPS After Extra Ordinary,,,,,,
Basic EPS.,1.28,--,2.03,--,--,
Diluted EPS.,1.28,--,2.03,--,--,
Public Share Holding,,,,,,
No Of Shares (Crores),23.85,23.85,23.85,12.85,6.26,
Share Holding (%),21.68,21.68,21.68,25.31,25.31,
Promoters and Promoter Group Shareholding,,,,,,
a) Pledged/Encumbered,,,,,,
- Number of shares (Crores),--,--,1.06,--,--,
- Per. of shares (as a % of the total sh. of prom. and promoter group),--,--,1.23,--,--,
- Per. of shares (as a % of the total Share Cap. of the company),--,--,0.96,--,--,
b) Non-encumbered,,,,,,
- Number of shares (Crores).,86.13,--,85.07,--,--,
- Per. of shares (as a % of the total sh. of prom. and promoter group).,100.00,--,98.77,--,--,
- Per. of shares (as a % of the total Share Cap. of the company).,78.32,--,77.35,--,--,
