Half Yearly Results of Adani Enterprises (in Rs. Cr.),Mar '09,Sep '08,Mar '08,Sep '07,Mar '07,
Net Sales/Income from operations,"6,065.02","5,510.03","7,085.48","4,509.96","6,051.25",
Other Operating Income,--,--,--,--,--,
Total Income From Operations,"6,065.02","5,510.03","7,085.48",--,--,
EXPENDITURE,,,,,,
Consumption of Raw Materials,--,--,101.33,"4,316.66","5,475.64",
Purchase of Traded Goods,--,--,--,--,--,
Increase/Decrease in Stocks,482.09,75.04,-372.98,-131.29,163.85,
Power & Fuel,--,--,--,--,--,
Employees Cost,32.25,30.48,27.61,25.88,18.19,
Depreciation,6.21,5.87,5.79,5.46,4.90,
Excise Duty,--,--,--,--,--,
Admin. And Selling Expenses,--,--,--,--,--,
R & D Expenses,--,--,--,--,--,
Provisions And Contingencies,--,--,--,--,--,
Exp. Capitalised,--,--,--,--,--,
Other Expenses,"5,275.35","5,088.38","7,005.92",133.04,198.35,
P/L Before Other,269.12,310.26,317.81,--,--,
Other Income,6.48,6.36,25.50,3.67,3.34,
P/L Before Int.,275.60,316.62,343.31,--,--,
Interest,44.57,169.86,95.59,58.79,53.62,
P/L Before Exceptional Items & Tax,231.03,146.76,599.66,--,--,
Exceptional Items,--,--,--,--,--,
P/L Before Tax,231.03,146.76,247.72,--,--,
Tax,31.55,16.63,19.39,21.05,37.08,
P/L After Tax from Ordinary Activities,199.48,130.13,228.33,--,--,
Prior Year Adjustments,--,--,--,-0.38,0.25,
Extra Ordinary Items,-6.83,3.64,0.38,-0.30,--,
Net Profit/(Loss) For the Period,192.65,133.77,228.71,83.74,102.96,
Equity Share Capital,24.66,24.66,24.65,24.65,24.65,
Reserves Excluding Revaluation Reserves,"1,618.44",--,"1,330.31",--,--,
Equity Dividend Rate (%),--,--,--,--,--,
EPS Before Extra Ordinary,,,,,,
Basic EPS,--,--,--,--,--,
Diluted EPS,--,--,--,--,--,
EPS After Extra Ordinary,,,,,,
Basic EPS.,--,--,--,--,--,
Diluted EPS.,--,--,--,--,--,
Public Share Holding,,,,,,
No Of Shares (Crores),6.19,6.19,6.16,6.16,8.16,
Share Holding (%),25.09,25.08,25.00,25.00,33.10,
Promoters and Promoter Group Shareholding,,,,,,
a) Pledged/Encumbered,,,,,,
- Number of shares (Crores),--,--,--,--,--,
- Per. of shares (as a % of the total sh. of prom. and promoter group),--,--,--,--,--,
- Per. of shares (as a % of the total Share Cap. of the company),--,--,--,--,--,
b) Non-encumbered,,,,,,
- Number of shares (Crores).,--,--,--,--,--,
- Per. of shares (as a % of the total sh. of prom. and promoter group).,--,--,--,--,--,
- Per. of shares (as a % of the total Share Cap. of the company).,--,--,--,--,--,
