Half Yearly Results of Adani Enterprises (in Rs. Cr.),Sep '06,Mar '06,Sep '05,Mar '05,Sep '04,
Net Sales/Income from operations,"4,100.42","5,811.61","3,526.27","9,087.30","4,428.54",
Other Operating Income,--,--,--,--,--,
Total Income From Operations,--,--,--,--,--,
EXPENDITURE,,,,,,
Consumption of Raw Materials,"4,044.00","7,132.98","1,688.57","8,595.71","4,394.40",
Purchase of Traded Goods,--,--,--,--,--,
Increase/Decrease in Stocks,-206.65,175.80,-181.75,118.97,-214.48,
Power & Fuel,--,--,--,--,--,
Employees Cost,15.53,12.42,10.16,6.29,5.68,
Depreciation,2.00,1.90,1.31,1.22,0.89,
Excise Duty,--,--,--,--,--,
Admin. And Selling Expenses,--,--,--,--,--,
R & D Expenses,--,--,--,--,--,
Provisions And Contingencies,--,0.05,-0.05,--,--,
Exp. Capitalised,--,--,--,--,--,
Other Expenses,97.20,"-1,684.24","1,913.50",292.08,177.48,
P/L Before Other,--,--,--,--,--,
Other Income,0.65,0.16,1.22,1.24,1.79,
P/L Before Int.,--,--,--,--,--,
Interest,90.06,77.98,48.59,-11.06,22.43,
P/L Before Exceptional Items & Tax,--,--,--,--,--,
Exceptional Items,--,--,--,--,--,
P/L Before Tax,--,--,--,--,--,
Tax,10.54,25.63,12.48,13.29,9.04,
P/L After Tax from Ordinary Activities,--,--,--,--,--,
Prior Year Adjustments,-0.90,14.59,-0.18,1.58,-0.23,
Extra Ordinary Items,--,-0.07,0.07,--,--,
Net Profit/(Loss) For the Period,48.39,69.18,34.75,72.04,34.89,
Equity Share Capital,23.31,22.62,22.59,22.55,22.04,
Reserves Excluding Revaluation Reserves,--,759.45,--,654.72,--,
Equity Dividend Rate (%),--,--,--,--,--,
EPS Before Extra Ordinary,,,,,,
Basic EPS,--,--,--,--,--,
Diluted EPS,--,--,--,--,--,
EPS After Extra Ordinary,,,,,,
Basic EPS.,--,--,--,--,--,
Diluted EPS.,--,--,--,--,--,
Public Share Holding,,,,,,
No Of Shares (Crores),10.14,9.45,9.42,9.50,8.88,
Share Holding (%),43.50,41.79,41.71,42.12,40.28,
Promoters and Promoter Group Shareholding,,,,,,
a) Pledged/Encumbered,,,,,,
- Number of shares (Crores),--,--,--,--,--,
- Per. of shares (as a % of the total sh. of prom. and promoter group),--,--,--,--,--,
- Per. of shares (as a % of the total Share Cap. of the company),--,--,--,--,--,
b) Non-encumbered,,,,,,
- Number of shares (Crores).,--,--,--,--,--,
- Per. of shares (as a % of the total sh. of prom. and promoter group).,--,--,--,--,--,
- Per. of shares (as a % of the total Share Cap. of the company).,--,--,--,--,--,
