Half Yearly Results of Adani Enterprises (in Rs. Cr.),Sep '21,Mar '21,Sep '20,Mar '20,Sep '19,
Net Sales/Income from operations,"9,956.27","8,790.65","4,568.09","7,826.23","8,382.47",
Other Operating Income,--,--,--,--,--,
Total Income From Operations,"9,956.27","8,790.65","4,568.09","7,826.23","8,382.47",
EXPENDITURE,,,,,,
Consumption of Raw Materials,--,--,--,--,--,
Purchase of Traded Goods,"9,121.42","7,026.92","3,098.11","6,587.66","5,716.06",
Increase/Decrease in Stocks,"-1,190.11",-56.02,490.05,-618.29,994.55,
Power & Fuel,--,--,--,--,--,
Employees Cost,181.15,134.19,177.97,140.76,135.11,
Depreciation,60.51,60.48,61.03,60.96,60.01,
Excise Duty,--,--,--,--,--,
Admin. And Selling Expenses,--,--,--,--,--,
R & D Expenses,--,--,--,--,--,
Provisions And Contingencies,--,--,--,--,--,
Exp. Capitalised,--,--,--,--,--,
Other Expenses,949.20,912.27,571.60,"1,457.89","1,049.08",
P/L Before Other,834.10,712.81,169.33,197.25,427.66,
Other Income,232.78,145.79,246.13,226.98,183.35,
P/L Before Int.,"1,066.88",858.60,415.46,424.23,611.01,
Interest,246.03,281.18,224.75,222.78,158.23,
P/L Before Exceptional Items & Tax,820.85,577.42,190.71,201.45,452.78,
Exceptional Items,--,-212.85,--,--,315.34,
P/L Before Tax,820.85,364.57,190.71,201.45,768.12,
Tax,290.38,120.56,65.89,73.97,196.69,
P/L After Tax from Ordinary Activities,530.47,244.01,124.82,127.48,571.43,
Prior Year Adjustments,--,--,--,--,--,
Extra Ordinary Items,--,--,--,--,--,
Net Profit/(Loss) For the Period,530.47,244.01,124.82,127.48,571.43,
Equity Share Capital,109.98,109.98,109.98,109.98,109.98,
Reserves Excluding Revaluation Reserves,"4,439.63",--,--,--,--,
Equity Dividend Rate (%),--,--,--,--,--,
EPS Before Extra Ordinary,,,,,,
Basic EPS,4.82,2.22,1.13,1.16,5.20,
Diluted EPS,4.82,--,1.13,--,5.20,
EPS After Extra Ordinary,,,,,,
Basic EPS.,4.82,2.22,1.13,1.16,5.20,
Diluted EPS.,4.82,--,1.13,--,5.20,
Public Share Holding,,,,,,
No Of Shares (Crores),--,--,--,--,--,
Share Holding (%),--,--,--,--,--,
Promoters and Promoter Group Shareholding,,,,,,
a) Pledged/Encumbered,,,,,,
- Number of shares (Crores),--,--,--,--,--,
- Per. of shares (as a % of the total sh. of prom. and promoter group),--,--,--,--,--,
- Per. of shares (as a % of the total Share Cap. of the company),--,--,--,--,--,
b) Non-encumbered,,,,,,
- Number of shares (Crores).,--,--,--,--,--,
- Per. of shares (as a % of the total sh. of prom. and promoter group).,--,--,--,--,--,
- Per. of shares (as a % of the total Share Cap. of the company).,--,--,--,--,--,
