Half Yearly Results of Adani Enterprises (in Rs. Cr.),Mar '99,Sep '98,Mar '98,Sep '97,Mar '97,
Net Sales/Income from operations,"1,177.02","1,011.68","1,315.70","1,102.07",856.54,
Other Operating Income,--,--,--,--,--,
Total Income From Operations,--,--,--,--,--,
EXPENDITURE,,,,,,
Consumption of Raw Materials,--,--,--,--,--,
Purchase of Traded Goods,--,--,--,--,--,
Increase/Decrease in Stocks,--,--,--,--,--,
Power & Fuel,--,--,--,--,--,
Employees Cost,--,--,--,--,--,
Depreciation,1.00,0.99,1.10,0.84,0.90,
Excise Duty,--,--,--,--,--,
Admin. And Selling Expenses,--,--,--,--,--,
R & D Expenses,--,--,--,--,--,
Provisions And Contingencies,--,--,--,--,--,
Exp. Capitalised,--,--,--,--,--,
Other Expenses,"1,134.23",958.01,"1,276.86","1,055.16",823.10,
P/L Before Other,--,--,--,--,--,
Other Income,--,--,--,--,--,
P/L Before Int.,--,--,--,--,--,
Interest,14.08,14.68,12.18,9.38,9.62,
P/L Before Exceptional Items & Tax,--,--,--,--,--,
Exceptional Items,--,--,--,--,--,
P/L Before Tax,--,--,--,--,--,
Tax,0.02,--,0.01,--,-3.72,
P/L After Tax from Ordinary Activities,--,--,--,--,--,
Prior Year Adjustments,--,--,0.27,--,--,
Extra Ordinary Items,--,--,--,--,--,
Net Profit/(Loss) For the Period,27.69,38.00,25.54,36.69,26.64,
Equity Share Capital,11.02,11.02,11.02,11.02,11.02,
Reserves Excluding Revaluation Reserves,260.66,--,203.40,--,146.62,
Equity Dividend Rate (%),--,--,--,--,--,
EPS Before Extra Ordinary,,,,,,
Basic EPS,--,--,--,--,--,
Diluted EPS,--,--,--,--,--,
EPS After Extra Ordinary,,,,,,
Basic EPS.,--,--,--,--,--,
Diluted EPS.,--,--,--,--,--,
Public Share Holding,,,,,,
No Of Shares (Crores),--,--,--,--,--,
Share Holding (%),--,--,--,--,--,
Promoters and Promoter Group Shareholding,,,,,,
a) Pledged/Encumbered,,,,,,
- Number of shares (Crores),--,--,--,--,--,
- Per. of shares (as a % of the total sh. of prom. and promoter group),--,--,--,--,--,
- Per. of shares (as a % of the total Share Cap. of the company),--,--,--,--,--,
b) Non-encumbered,,,,,,
- Number of shares (Crores).,--,--,--,--,--,
- Per. of shares (as a % of the total sh. of prom. and promoter group).,--,--,--,--,--,
- Per. of shares (as a % of the total Share Cap. of the company).,--,--,--,--,--,
