Half Yearly Results of Adani Enterprises (in Rs. Cr.),Sep '16,Mar '16,Sep '15,Mar '15,Sep '14,
Net Sales/Income from operations,"3,929.24","3,724.59","4,364.49","7,532.36","7,376.65",
Other Operating Income,14.36,38.58,21.21,14.80,9.04,
Total Income From Operations,"3,943.60","3,763.17","4,385.70","7,547.16","7,385.69",
EXPENDITURE,,,,,,
Consumption of Raw Materials,--,--,--,--,--,
Purchase of Traded Goods,"2,907.84","2,938.91","3,154.01","5,769.17","5,964.84",
Increase/Decrease in Stocks,36.75,-85.51,136.94,281.06,203.57,
Power & Fuel,--,--,--,--,--,
Employees Cost,131.73,121.98,134.00,86.66,88.04,
Depreciation,38.19,38.52,40.78,39.03,42.70,
Excise Duty,--,--,--,--,--,
Admin. And Selling Expenses,--,--,--,--,--,
R & D Expenses,--,--,--,--,--,
Provisions And Contingencies,--,--,--,--,--,
Exp. Capitalised,--,--,--,--,--,
Other Expenses,504.52,640.84,809.01,"1,331.13","1,117.90",
P/L Before Other,324.57,108.43,110.96,40.11,-31.36,
Other Income,434.84,401.69,543.59,569.14,710.51,
P/L Before Int.,759.41,510.12,654.55,609.25,679.15,
Interest,413.06,341.95,371.52,468.05,459.39,
P/L Before Exceptional Items & Tax,346.35,168.17,283.03,141.20,219.76,
Exceptional Items,--,41.73,--,70.99,--,
P/L Before Tax,346.35,209.90,283.03,212.19,219.76,
Tax,68.75,-1.44,-10.68,18.64,6.46,
P/L After Tax from Ordinary Activities,277.60,211.34,293.71,193.55,213.30,
Prior Year Adjustments,--,--,--,--,--,
Extra Ordinary Items,--,--,--,--,--,
Net Profit/(Loss) For the Period,277.60,211.34,293.71,193.55,213.30,
Equity Share Capital,109.98,109.98,109.98,109.98,109.98,
Reserves Excluding Revaluation Reserves,--,--,--,--,--,
Equity Dividend Rate (%),--,--,--,--,--,
EPS Before Extra Ordinary,,,,,,
Basic EPS,2.52,--,2.67,--,1.94,
Diluted EPS,2.52,--,2.67,--,1.94,
EPS After Extra Ordinary,,,,,,
Basic EPS.,2.52,--,2.67,--,1.94,
Diluted EPS.,2.52,--,2.67,--,1.94,
Public Share Holding,,,,,,
No Of Shares (Crores),--,--,--,27.50,27.50,
Share Holding (%),--,--,--,25.00,25.00,
Promoters and Promoter Group Shareholding,,,,,,
a) Pledged/Encumbered,,,,,,
- Number of shares (Crores),--,--,--,12.96,13.18,
- Per. of shares (as a % of the total sh. of prom. and promoter group),--,--,--,15.71,15.98,
- Per. of shares (as a % of the total Share Cap. of the company),--,--,--,11.79,11.98,
b) Non-encumbered,,,,,,
- Number of shares (Crores).,--,--,--,69.52,69.31,
- Per. of shares (as a % of the total sh. of prom. and promoter group).,--,--,--,84.29,84.02,
- Per. of shares (as a % of the total Share Cap. of the company).,--,--,--,63.21,63.02,
