Half Yearly Results of Adani Enterprises (in Rs. Cr.),Mar '19,Sep '18,Mar '18,Sep '17,Mar '17,
Net Sales/Income from operations,"9,787.60","5,753.70","5,689.43","5,429.97","4,651.20",
Other Operating Income,--,--,--,--,0.21,
Total Income From Operations,"9,787.60","5,753.70","5,689.43","5,429.97","4,651.41",
EXPENDITURE,,,,,,
Consumption of Raw Materials,--,--,--,--,--,
Purchase of Traded Goods,"8,073.51","5,156.85","5,146.59","4,903.11","3,884.95",
Increase/Decrease in Stocks,-197.18,-408.10,-549.48,-197.91,-98.91,
Power & Fuel,--,--,--,--,--,
Employees Cost,106.85,132.51,102.52,132.82,115.34,
Depreciation,58.41,42.78,46.00,41.41,40.67,
Excise Duty,--,--,--,--,--,
Admin. And Selling Expenses,--,--,--,--,--,
R & D Expenses,--,--,--,--,--,
Provisions And Contingencies,--,--,--,--,--,
Exp. Capitalised,--,--,--,--,--,
Other Expenses,"1,006.95",721.92,468.26,416.17,543.44,
P/L Before Other,739.06,107.74,475.54,134.37,165.92,
Other Income,202.49,179.81,377.51,238.96,252.33,
P/L Before Int.,941.55,287.55,853.05,373.33,418.25,
Interest,286.08,294.99,359.13,358.27,378.65,
P/L Before Exceptional Items & Tax,655.47,-7.44,493.92,15.06,39.60,
Exceptional Items,4.18,-25.00,-181.05,--,--,
P/L Before Tax,659.65,-32.44,312.87,15.06,39.60,
Tax,140.41,2.30,92.57,8.49,95.56,
P/L After Tax from Ordinary Activities,519.24,-34.74,220.30,6.57,-55.96,
Prior Year Adjustments,--,--,--,--,--,
Extra Ordinary Items,--,2.76,-29.83,--,--,
Net Profit/(Loss) For the Period,519.24,-31.98,190.47,6.57,-55.96,
Equity Share Capital,109.98,109.98,109.98,109.98,109.98,
Reserves Excluding Revaluation Reserves,--,--,--,--,--,
Equity Dividend Rate (%),--,--,--,--,--,
EPS Before Extra Ordinary,,,,,,
Basic EPS,--,-0.29,--,0.06,--,
Diluted EPS,--,-0.29,--,0.06,--,
EPS After Extra Ordinary,,,,,,
Basic EPS.,--,-0.29,--,0.06,--,
Diluted EPS.,--,-0.29,--,0.06,--,
Public Share Holding,,,,,,
No Of Shares (Crores),--,--,--,--,--,
Share Holding (%),--,--,--,--,--,
Promoters and Promoter Group Shareholding,,,,,,
a) Pledged/Encumbered,,,,,,
- Number of shares (Crores),--,--,--,--,--,
- Per. of shares (as a % of the total sh. of prom. and promoter group),--,--,--,--,--,
- Per. of shares (as a % of the total Share Cap. of the company),--,--,--,--,--,
b) Non-encumbered,,,,,,
- Number of shares (Crores).,--,--,--,--,--,
- Per. of shares (as a % of the total sh. of prom. and promoter group).,--,--,--,--,--,
- Per. of shares (as a % of the total Share Cap. of the company).,--,--,--,--,--,
