Half Yearly Results of Adani Enterprises (in Rs. Cr.),Sep '96,Mar '96,Sep '95,Mar '95,Sep '94,
Net Sales/Income from operations,750.28,688.08,428.02,488.11,173.93,
Other Operating Income,--,--,--,--,--,
Total Income From Operations,--,--,--,--,--,
EXPENDITURE,,,,,,
Consumption of Raw Materials,--,--,--,--,--,
Purchase of Traded Goods,--,--,--,--,--,
Increase/Decrease in Stocks,--,--,--,--,--,
Power & Fuel,--,--,--,--,--,
Employees Cost,--,--,--,--,--,
Depreciation,0.69,0.57,0.25,0.09,0.02,
Excise Duty,--,--,--,--,--,
Admin. And Selling Expenses,--,--,--,--,--,
R & D Expenses,--,--,--,--,--,
Provisions And Contingencies,--,--,--,--,--,
Exp. Capitalised,--,--,--,--,--,
Other Expenses,712.53,660.51,423.61,466.63,169.49,
P/L Before Other,--,--,--,--,--,
Other Income,--,--,18.54,-2.63,2.63,
P/L Before Int.,--,--,--,--,--,
Interest,6.06,6.65,2.77,1.56,0.57,
P/L Before Exceptional Items & Tax,--,--,--,--,--,
Exceptional Items,--,--,--,--,--,
P/L Before Tax,--,--,--,--,--,
Tax,3.75,-0.98,1.00,0.00,--,
P/L After Tax from Ordinary Activities,--,--,--,--,--,
Prior Year Adjustments,--,--,--,--,--,
Extra Ordinary Items,--,--,--,--,--,
Net Profit/(Loss) For the Period,27.25,21.34,18.94,17.20,7.04,
Equity Share Capital,5.51,5.51,5.51,5.51,3.75,
Reserves Excluding Revaluation Reserves,--,100.68,--,--,--,
Equity Dividend Rate (%),--,--,--,--,--,
EPS Before Extra Ordinary,,,,,,
Basic EPS,--,--,--,--,--,
Diluted EPS,--,--,--,--,--,
EPS After Extra Ordinary,,,,,,
Basic EPS.,--,--,--,--,--,
Diluted EPS.,--,--,--,--,--,
Public Share Holding,,,,,,
No Of Shares (Crores),--,--,--,--,--,
Share Holding (%),--,--,--,--,--,
Promoters and Promoter Group Shareholding,,,,,,
a) Pledged/Encumbered,,,,,,
- Number of shares (Crores),--,--,--,--,--,
- Per. of shares (as a % of the total sh. of prom. and promoter group),--,--,--,--,--,
- Per. of shares (as a % of the total Share Cap. of the company),--,--,--,--,--,
b) Non-encumbered,,,,,,
- Number of shares (Crores).,--,--,--,--,--,
- Per. of shares (as a % of the total sh. of prom. and promoter group).,--,--,--,--,--,
- Per. of shares (as a % of the total Share Cap. of the company).,--,--,--,--,--,
