Cash Flow of Adani Ports and Special Economic Zone (in Rs. Cr.),Mar 04,
,15 mths,
Net Profit/Loss Before Extraordinary Items And Tax,3.43,
Net CashFlow From Operating Activities,300.24,
Net Cash Used In Investing Activities,-324.45,
Net Cash Used From Financing Activities,24.85,
Foreign Exchange Gains / Losses,0.00,
Adjustments On Amalgamation Merger Demerger Others,0.00,
Net Inc/Dec In Cash And Cash Equivalents,0.64,
Cash And Cash Equivalents Begin of Year,3.44,
Cash And Cash Equivalents End Of Year,4.08,
