Cash Flow of Adani Ports and Special Economic Zone (in Rs. Cr.),Mar 09,Mar 08,Mar 07,Mar 06,Mar 05,
,12 mths,12 mths,12 mths,12 mths,12 mths,
Net Profit/Loss Before Extraordinary Items And Tax,514.03,355.16,174.97,116.16,90.47,
Net CashFlow From Operating Activities,695.07,519.15,448.26,200.76,202.79,
Net Cash Used In Investing Activities,"-1,112.40","-1,121.95",-663.30,-417.16,-340.49,
Net Cash Used From Financing Activities,-52.34,"2,204.52",174.37,283.40,156.61,
Foreign Exchange Gains / Losses,0.00,0.00,0.00,0.00,0.00,
Adjustments On Amalgamation Merger Demerger Others,0.00,0.00,0.00,0.00,0.00,
Net Inc/Dec In Cash And Cash Equivalents,-469.67,"1,601.73",-40.68,67.00,18.91,
Cash And Cash Equivalents Begin of Year,"1,634.41",32.67,97.58,30.58,11.66,
Cash And Cash Equivalents End Of Year,"1,164.73","1,634.40",56.90,97.58,30.58,
