Cash Flow of Adani Ports and Special Economic Zone (in Rs. Cr.),Mar 19,Mar 18,Mar 17,Mar 16,Mar 15,
,12 mths,12 mths,12 mths,12 mths,12 mths,
Net Profit/Loss Before Extraordinary Items And Tax,"3,663.64","3,829.18","3,292.94","3,106.27","2,148.17",
Net CashFlow From Operating Activities,"3,214.41","2,411.25","2,312.51","1,712.96","1,998.20",
Net Cash Used In Investing Activities,"-2,403.12",-550.04,"-4,181.08","-2,953.73","-3,556.48",
Net Cash Used From Financing Activities,"2,555.24","-1,925.66","1,717.15","1,497.63","1,908.94",
Foreign Exchange Gains / Losses,0.00,0.00,0.00,0.00,0.00,
Adjustments On Amalgamation Merger Demerger Others,0.00,0.00,0.00,0.00,0.00,
Net Inc/Dec In Cash And Cash Equivalents,"3,366.53",-64.45,-151.42,256.86,350.66,
Cash And Cash Equivalents Begin of Year,484.00,548.45,699.87,443.01,92.35,
Cash And Cash Equivalents End Of Year,"3,850.53",484.00,548.45,699.87,443.01,
