Cash Flow of Adani Ports and Special Economic Zone (in Rs. Cr.),Mar 14,Mar 13,Mar 12,Mar 11,Mar 10,
,12 mths,12 mths,12 mths,12 mths,12 mths,
Net Profit/Loss Before Extraordinary Items And Tax,"2,210.25","1,889.19","1,269.59","1,076.88",760.45,
Net CashFlow From Operating Activities,"1,601.61","1,369.84","1,287.44","1,259.16","1,035.04",
Net Cash Used In Investing Activities,"-2,313.63","-2,445.86","-3,819.17",-483.68,"-1,767.76",
Net Cash Used From Financing Activities,249.88,"1,416.89","2,680.58",-914.42,675.19,
Foreign Exchange Gains / Losses,0.00,0.00,0.00,0.00,0.00,
Adjustments On Amalgamation Merger Demerger Others,0.00,0.00,0.00,0.00,0.00,
Net Inc/Dec In Cash And Cash Equivalents,-462.14,340.87,148.85,-138.93,-57.54,
Cash And Cash Equivalents Begin of Year,554.49,213.62,64.77,203.70,261.24,
Cash And Cash Equivalents End Of Year,92.35,554.49,213.62,64.77,203.70,
