Cash Flow of Adani Ports and Special Economic Zone (in Rs. Cr.),Mar 24,Mar 23,Mar 22,Mar 21,Mar 20,
,12 mths,12 mths,12 mths,12 mths,12 mths,
Net Profit/Loss Before Extraordinary Items And Tax,"2,531.92","-1,028.23",621.73,"2,909.64","2,031.73",
Net CashFlow From Operating Activities,"3,743.16","2,714.03","3,012.05","3,041.80","3,169.95",
Net Cash Used In Investing Activities,"-1,993.91","-4,024.98","-8,803.19","-7,966.60",-31.35,
Net Cash Used From Financing Activities,"-1,467.92","-3,451.65","7,308.44","3,827.15","-2,580.74",
Foreign Exchange Gains / Losses,0.00,0.00,0.00,0.00,0.00,
Adjustments On Amalgamation Merger Demerger Others,0.00,0.00,0.00,0.00,0.00,
Net Inc/Dec In Cash And Cash Equivalents,281.33,"-4,762.60","1,517.30","-1,097.65",557.86,
Cash And Cash Equivalents Begin of Year,65.44,"4,828.04","3,310.74","4,408.39","3,850.53",
Cash And Cash Equivalents End Of Year,346.77,65.44,"4,828.04","3,310.74","4,408.39",
