Quarterly Results of Adani Enterprises (in Rs. Cr.),Jun '20,Mar '20,Dec '19,Sep '19,Jun '19,
Net Sales/Income from operations,"1,991.84","4,000.59","3,825.64","2,946.11","5,436.36",
Other Operating Income,--,--,--,--,--,
Total Income From Operations,"1,991.84","4,000.59","3,825.64","2,946.11","5,436.36",
EXPENDITURE,,,,,,
Consumption of Raw Materials,--,--,--,--,--,
Purchase of Traded Goods,"1,385.03","3,539.59","3,048.07","2,254.94","3,461.12",
Increase/Decrease in Stocks,254.78,-408.80,-209.49,104.59,889.96,
Power & Fuel,--,--,--,--,--,
Employees Cost,84.47,70.53,70.23,69.79,65.32,
depreciat,30.48,30.99,29.97,29.98,30.03,
Excise Duty,--,--,--,--,--,
Admin. And Selling Expenses,--,--,--,--,--,
R & D Expenses,--,--,--,--,--,
Provisions And Contingencies,--,--,--,--,--,
Exp. Capitalised,--,--,--,--,--,
Other Expenses,312.74,912.90,544.99,444.80,604.28,
"P/L Before Other Inc. , Int., Excpt. Items & Tax",-75.66,-144.62,341.87,42.01,385.65,
Other Income,109.15,145.71,81.27,106.71,76.64,
"P/L Before Int., Excpt. Items & Tax",33.49,1.09,423.14,148.72,462.29,
Interest,110.20,114.15,108.63,78.21,80.02,
P/L Before Exceptional Items & Tax,-76.71,-113.06,314.51,70.51,382.27,
Exceptional Items,--,--,--,--,315.34,
P/L Before Tax,-76.71,-113.06,314.51,70.51,697.61,
Tax,4.63,-32.46,106.43,-32.13,228.82,
P/L After Tax from Ordinary Activities,-81.34,-80.60,208.08,102.64,468.79,
Prior Year Adjustments,--,--,--,--,--,
Extra Ordinary Items,--,--,--,--,--,
Net Profit/(Loss) For the Period,-81.34,-80.60,208.08,102.64,468.79,
Equity Share Capital,109.98,109.98,109.98,109.98,109.98,
Reserves Excluding Revaluation Reserves,--,--,--,--,--,
Equity Dividend Rate (%),--,--,--,--,--,
EPS Before Extra Ordinary,,,,,,
Basic EPS,-0.74,-0.73,1.89,0.93,4.26,
Diluted EPS,-0.74,-0.73,1.89,0.93,4.26,
EPS After Extra Ordinary,,,,,,
Basic EPS.,-0.74,-0.73,1.89,0.93,4.26,
Diluted EPS.,-0.74,-0.73,1.89,0.93,4.26,
Public Share Holding,,,,,,
No Of Shares (Crores),--,--,--,--,--,
Share Holding (%),--,--,--,--,--,
Promoters and Promoter Group Shareholding,,,,,,
a) Pledged/Encumbered,,,,,,
- Number of shares (Crores),--,--,--,--,--,
- Per. of shares (as a % of the total sh. of prom. and promoter group),--,--,--,--,--,
- Per. of shares (as a % of the total Share Cap. of the company),--,--,--,--,--,
b) Non-encumbered,,,,,,
- Number of shares (Crores).,--,--,--,--,--,
- Per. of shares (as a % of the total sh. of prom. and promoter group).,--,--,--,--,--,
- Per. of shares (as a % of the total Share Cap. of the company).,--,--,--,--,--,
