Quarterly Results of Adani Enterprises (in Rs. Cr.),Jun '10,Mar '10,Dec '09,Sep '09,Jun '09,
Net Sales/Income from operations,832.10,"2,983.08","2,801.06","3,077.87","2,722.77",
Other Operating Income,2.14,--,--,--,--,
Total Income From Operations,834.24,"2,983.08","2,801.06","3,077.87","2,722.77",
EXPENDITURE,,,,,,
Consumption of Raw Materials,--,--,--,--,--,
Purchase of Traded Goods,780.34,--,--,--,--,
Increase/Decrease in Stocks,-129.86,197.42,170.43,-64.54,-230.43,
Power & Fuel,--,--,--,--,--,
Employees Cost,20.89,8.72,8.33,11.04,10.34,
depreciat,2.58,3.65,3.06,3.03,3.02,
Excise Duty,--,--,--,--,--,
Admin. And Selling Expenses,--,--,--,--,--,
R & D Expenses,--,--,--,--,--,
Provisions And Contingencies,--,--,--,--,--,
Exp. Capitalised,--,--,--,--,--,
Other Expenses,125.41,"2,692.79","2,533.44","2,979.20","2,786.02",
"P/L Before Other Inc. , Int., Excpt. Items & Tax",34.88,80.50,85.80,149.14,153.82,
Other Income,99.45,9.73,7.20,10.28,2.89,
"P/L Before Int., Excpt. Items & Tax",134.33,90.23,93.00,159.42,156.71,
Interest,30.43,30.89,45.53,70.72,69.28,
P/L Before Exceptional Items & Tax,103.90,59.34,47.47,88.70,87.43,
Exceptional Items,--,--,--,--,--,
P/L Before Tax,103.90,59.34,47.47,88.70,87.43,
Tax,18.33,-3.59,12.72,15.53,8.68,
P/L After Tax from Ordinary Activities,85.57,62.93,34.75,73.17,78.75,
Prior Year Adjustments,--,--,--,--,--,
Extra Ordinary Items,-1.41,-5.63,-4.26,14.72,-0.02,
Net Profit/(Loss) For the Period,84.16,57.30,30.49,87.89,78.73,
Equity Share Capital,53.70,49.80,49.60,24.73,24.66,
Reserves Excluding Revaluation Reserves,--,--,--,--,--,
Equity Dividend Rate (%),--,--,--,--,--,
EPS Before Extra Ordinary,,,,,,
Basic EPS,1.60,--,--,--,--,
Diluted EPS,1.53,--,--,--,--,
EPS After Extra Ordinary,,,,,,
Basic EPS.,1.60,--,--,--,--,
Diluted EPS.,1.53,--,--,--,--,
Public Share Holding,,,,,,
No Of Shares (Crores),14.06,12.85,12.65,6.26,6.19,
Share Holding (%),26.18,25.81,25.51,25.31,25.09,
Promoters and Promoter Group Shareholding,,,,,,
a) Pledged/Encumbered,,,,,,
- Number of shares (Crores),1.67,--,--,--,--,
- Per. of shares (as a % of the total sh. of prom. and promoter group),4.22,--,--,--,--,
- Per. of shares (as a % of the total Share Cap. of the company),3.11,--,--,--,--,
b) Non-encumbered,,,,,,
- Number of shares (Crores).,37.97,--,--,--,--,
- Per. of shares (as a % of the total sh. of prom. and promoter group).,95.78,--,--,--,--,
- Per. of shares (as a % of the total Share Cap. of the company).,70.70,--,--,--,--,
