Quarterly Results of Adani Enterprises (in Rs. Cr.),Jun '15,Mar '15,Dec '14,Sep '14,Jun '14,
Net Sales/Income from operations,"2,396.58","3,310.67","4,221.69","3,322.71","4,053.94",
Other Operating Income,9.18,7.24,7.56,6.17,2.87,
Total Income From Operations,"2,405.76","3,317.91","4,229.25","3,328.88","4,056.81",
EXPENDITURE,,,,,,
Consumption of Raw Materials,--,--,--,--,--,
Purchase of Traded Goods,"1,822.67","2,191.08","3,578.09","2,608.74","3,356.10",
Increase/Decrease in Stocks,27.24,399.67,-118.61,138.92,64.65,
Power & Fuel,--,--,--,--,--,
Employees Cost,56.88,33.95,52.71,45.50,42.53,
depreciat,20.34,20.65,18.38,20.47,22.23,
Excise Duty,--,--,--,--,--,
Admin. And Selling Expenses,--,--,--,--,--,
R & D Expenses,--,--,--,--,--,
Provisions And Contingencies,--,--,--,--,--,
Exp. Capitalised,--,--,--,--,--,
Other Expenses,389.80,708.08,623.05,517.98,599.92,
"P/L Before Other Inc. , Int., Excpt. Items & Tax",88.83,-35.52,75.63,-2.73,-28.62,
Other Income,172.21,279.32,289.82,456.32,254.19,
"P/L Before Int., Excpt. Items & Tax",261.04,243.80,365.45,453.59,225.57,
Interest,186.65,231.91,236.14,240.34,219.06,
P/L Before Exceptional Items & Tax,74.39,11.89,129.31,213.25,6.51,
Exceptional Items,--,70.99,--,--,--,
P/L Before Tax,74.39,82.88,129.31,213.25,6.51,
Tax,-2.53,10.08,8.56,0.97,5.48,
P/L After Tax from Ordinary Activities,76.92,72.80,120.75,212.28,1.03,
Prior Year Adjustments,--,--,--,--,--,
Extra Ordinary Items,--,--,--,--,--,
Net Profit/(Loss) For the Period,76.92,72.80,120.75,212.28,1.03,
Equity Share Capital,109.98,109.98,109.98,109.98,109.98,
Reserves Excluding Revaluation Reserves,--,--,--,--,--,
Equity Dividend Rate (%),--,--,--,--,--,
EPS Before Extra Ordinary,,,,,,
Basic EPS,0.70,0.66,1.10,1.93,0.01,
Diluted EPS,0.70,0.66,1.10,1.93,0.01,
EPS After Extra Ordinary,,,,,,
Basic EPS.,0.70,0.66,1.10,1.93,0.01,
Diluted EPS.,0.70,0.66,1.10,1.93,0.01,
Public Share Holding,,,,,,
No Of Shares (Crores),27.50,27.50,27.50,27.50,27.50,
Share Holding (%),25.00,25.00,25.00,25.00,25.00,
Promoters and Promoter Group Shareholding,,,,,,
a) Pledged/Encumbered,,,,,,
- Number of shares (Crores),20.39,12.96,14.68,13.18,9.94,
- Per. of shares (as a % of the total sh. of prom. and promoter group),24.72,15.71,17.80,15.98,12.05,
- Per. of shares (as a % of the total Share Cap. of the company),18.54,11.79,13.35,11.98,9.04,
b) Non-encumbered,,,,,,
- Number of shares (Crores).,62.10,69.52,67.81,69.31,72.55,
- Per. of shares (as a % of the total sh. of prom. and promoter group).,72.28,84.29,82.20,84.02,87.95,
- Per. of shares (as a % of the total Share Cap. of the company).,56.46,63.21,61.65,63.02,65.96,
