Quarterly Results of Adani Enterprises (in Rs. Cr.),Sep '16,Jun '16,Mar '16,Dec '15,Sep '15,
Net Sales/Income from operations,"1,796.17","2,133.07","2,012.36","1,747.73","1,967.91",
Other Operating Income,1.56,12.80,--,3.08,12.03,
Total Income From Operations,"1,797.73","2,145.87","2,012.36","1,750.81","1,979.94",
EXPENDITURE,,,,,,
Consumption of Raw Materials,--,--,--,--,--,
Purchase of Traded Goods,"1,481.71","1,426.13","1,634.76","1,304.15","1,331.34",
Increase/Decrease in Stocks,-71.08,107.83,-131.51,46.00,109.70,
Power & Fuel,--,--,--,--,--,
Employees Cost,64.23,67.50,40.76,64.63,77.12,
depreciat,19.23,18.96,20.12,18.46,20.44,
Excise Duty,--,--,--,--,--,
Admin. And Selling Expenses,--,--,--,--,--,
R & D Expenses,--,--,--,--,--,
Provisions And Contingencies,--,--,--,--,--,
Exp. Capitalised,--,--,--,--,--,
Other Expenses,203.66,300.86,454.29,208.75,419.21,
"P/L Before Other Inc. , Int., Excpt. Items & Tax",99.98,224.59,-6.06,108.82,22.13,
Other Income,209.16,225.68,252.23,181.82,371.38,
"P/L Before Int., Excpt. Items & Tax",309.14,450.27,246.17,290.64,393.51,
Interest,203.42,209.64,173.82,171.80,184.87,
P/L Before Exceptional Items & Tax,105.72,240.63,72.35,118.84,208.64,
Exceptional Items,--,--,-3.52,45.25,--,
P/L Before Tax,105.72,240.63,68.83,164.09,208.64,
Tax,25.03,43.72,-1.67,8.20,-8.15,
P/L After Tax from Ordinary Activities,80.69,196.91,70.50,155.89,216.79,
Prior Year Adjustments,--,--,--,--,--,
Extra Ordinary Items,--,--,--,--,--,
Net Profit/(Loss) For the Period,80.69,196.91,70.50,155.89,216.79,
Equity Share Capital,109.98,109.98,109.98,109.98,109.98,
Reserves Excluding Revaluation Reserves,--,--,--,--,--,
Equity Dividend Rate (%),--,--,--,--,--,
EPS Before Extra Ordinary,,,,,,
Basic EPS,0.73,1.79,0.64,1.42,1.97,
Diluted EPS,0.73,1.79,0.64,1.42,1.97,
EPS After Extra Ordinary,,,,,,
Basic EPS.,0.73,1.79,0.64,1.42,1.97,
Diluted EPS.,0.73,1.79,0.64,1.42,1.97,
Public Share Holding,,,,,,
No Of Shares (Crores),--,--,--,--,--,
Share Holding (%),--,--,--,--,--,
Promoters and Promoter Group Shareholding,,,,,,
a) Pledged/Encumbered,,,,,,
- Number of shares (Crores),--,--,--,--,--,
- Per. of shares (as a % of the total sh. of prom. and promoter group),--,--,--,--,--,
- Per. of shares (as a % of the total Share Cap. of the company),--,--,--,--,--,
b) Non-encumbered,,,,,,
- Number of shares (Crores).,--,--,--,--,--,
- Per. of shares (as a % of the total sh. of prom. and promoter group).,--,--,--,--,--,
- Per. of shares (as a % of the total Share Cap. of the company).,--,--,--,--,--,
