Quarterly Results of Adani Enterprises (in Rs. Cr.),Mar '24,Dec '23,Sep '23,Jun '23,Mar '23,
Net Sales/Income from operations,"9,210.18","11,246.93","9,313.00","11,293.12","12,727.42",
Other Operating Income,--,--,--,--,--,
Total Income From Operations,"9,210.18","11,246.93","9,313.00","11,293.12","12,727.42",
EXPENDITURE,,,,,,
Consumption of Raw Materials,--,--,--,--,--,
Purchase of Traded Goods,"6,671.23","9,657.12","6,626.11","8,076.32","9,311.81",
Increase/Decrease in Stocks,-214.72,-715.69,815.04,"1,202.97","1,193.03",
Power & Fuel,--,--,--,--,--,
Employees Cost,171.14,154.01,177.39,199.62,150.04,
depreciat,37.41,35.51,35.28,34.39,33.71,
Excise Duty,--,--,--,--,--,
Admin. And Selling Expenses,--,--,--,--,--,
R & D Expenses,--,--,--,--,--,
Provisions And Contingencies,--,--,--,--,--,
Exp. Capitalised,--,--,--,--,--,
Other Expenses,"1,647.32","1,360.65","1,095.09","1,230.33","1,591.45",
"P/L Before Other Inc. , Int., Excpt. Items & Tax",897.80,755.33,564.09,549.49,447.38,
Other Income,346.48,377.11,587.09,356.53,370.31,
"P/L Before Int., Excpt. Items & Tax","1,244.28","1,132.44","1,151.18",906.02,817.69,
Interest,207.82,167.90,145.98,117.15,142.01,
P/L Before Exceptional Items & Tax,"1,036.46",964.54,"1,005.20",788.87,675.68,
Exceptional Items,--,--,--,--,-71.67,
P/L Before Tax,"1,036.46",964.54,"1,005.20",788.87,604.01,
Tax,261.20,246.08,243.41,201.59,163.13,
P/L After Tax from Ordinary Activities,775.26,718.46,761.79,587.28,440.88,
Prior Year Adjustments,--,--,--,--,--,
Extra Ordinary Items,1.45,--,--,--,--,
Net Profit/(Loss) For the Period,776.71,718.46,761.79,587.28,440.88,
Equity Share Capital,114.00,114.00,114.00,114.00,114.00,
Reserves Excluding Revaluation Reserves,--,--,--,--,--,
Equity Dividend Rate (%),--,--,--,--,--,
EPS Before Extra Ordinary,,,,,,
Basic EPS,6.81,6.31,6.68,5.15,3.87,
Diluted EPS,6.81,6.31,6.68,5.15,3.87,
EPS After Extra Ordinary,,,,,,
Basic EPS.,6.81,6.31,6.68,5.15,3.87,
Diluted EPS.,6.81,6.31,6.68,5.15,3.87,
Public Share Holding,,,,,,
No Of Shares (Crores),--,--,--,--,--,
Share Holding (%),--,--,--,--,--,
Promoters and Promoter Group Shareholding,,,,,,
a) Pledged/Encumbered,,,,,,
- Number of shares (Crores),--,--,--,--,--,
- Per. of shares (as a % of the total sh. of prom. and promoter group),--,--,--,--,--,
- Per. of shares (as a % of the total Share Cap. of the company),--,--,--,--,--,
b) Non-encumbered,,,,,,
- Number of shares (Crores).,--,--,--,--,--,
- Per. of shares (as a % of the total sh. of prom. and promoter group).,--,--,--,--,--,
- Per. of shares (as a % of the total Share Cap. of the company).,--,--,--,--,--,
