Quarterly Results of Adani Enterprises (in Rs. Cr.),Dec '12,Sep '12,Jun '12,Mar '12,Dec '11,
Net Sales/Income from operations,"3,301.06","2,307.79","2,859.20","1,400.06","1,201.22",
Other Operating Income,0.06,0.16,0.34,6.73,0.09,
Total Income From Operations,"3,301.12","2,307.95","2,859.54","1,406.79","1,201.31",
EXPENDITURE,,,,,,
Consumption of Raw Materials,2.54,0.99,4.65,--,--,
Purchase of Traded Goods,"3,447.77","1,661.63","2,421.80",951.69,"1,126.31",
Increase/Decrease in Stocks,-582.54,202.62,-144.74,209.05,-148.00,
Power & Fuel,--,--,--,--,--,
Employees Cost,29.66,29.30,33.41,24.32,23.88,
depreciat,15.17,13.79,14.94,13.33,7.07,
Excise Duty,--,--,--,--,--,
Admin. And Selling Expenses,--,--,--,--,--,
R & D Expenses,--,--,--,--,--,
Provisions And Contingencies,--,--,--,--,--,
Exp. Capitalised,--,--,--,--,--,
Other Expenses,400.33,378.67,422.81,172.37,117.20,
"P/L Before Other Inc. , Int., Excpt. Items & Tax",-11.81,20.95,106.67,36.03,74.85,
Other Income,139.50,230.70,78.64,148.27,96.69,
"P/L Before Int., Excpt. Items & Tax",127.69,251.65,185.31,184.29,171.54,
Interest,73.36,50.47,46.95,51.43,92.46,
P/L Before Exceptional Items & Tax,54.33,201.18,138.36,132.86,79.08,
Exceptional Items,--,--,302.91,-2.01,-0.08,
P/L Before Tax,54.33,201.18,441.27,130.85,79.00,
Tax,24.48,59.23,19.64,-39.68,28.76,
P/L After Tax from Ordinary Activities,29.85,141.95,421.63,170.53,50.24,
Prior Year Adjustments,--,--,--,--,--,
Extra Ordinary Items,--,--,--,--,--,
Net Profit/(Loss) For the Period,29.85,141.95,421.63,170.53,50.24,
Equity Share Capital,109.98,109.98,109.98,109.98,109.98,
Reserves Excluding Revaluation Reserves,--,--,--,--,--,
Equity Dividend Rate (%),--,--,--,--,--,
EPS Before Extra Ordinary,,,,,,
Basic EPS,0.27,1.29,3.83,1.55,0.46,
Diluted EPS,0.27,1.29,3.83,1.55,0.46,
EPS After Extra Ordinary,,,,,,
Basic EPS.,0.27,1.29,3.83,1.55,0.46,
Diluted EPS.,0.27,1.29,3.83,1.55,0.46,
Public Share Holding,,,,,,
No Of Shares (Crores),24.34,22.04,22.04,23.85,23.85,
Share Holding (%),22.13,20.04,20.04,21.68,21.68,
Promoters and Promoter Group Shareholding,,,,,,
a) Pledged/Encumbered,,,,,,
- Number of shares (Crores),9.44,9.44,--,--,--,
- Per. of shares (as a % of the total sh. of prom. and promoter group),11.03,10.74,--,--,--,
- Per. of shares (as a % of the total Share Cap. of the company),8.59,8.59,--,--,--,
b) Non-encumbered,,,,,,
- Number of shares (Crores).,76.20,78.50,87.94,86.13,86.13,
- Per. of shares (as a % of the total sh. of prom. and promoter group).,88.97,89.26,100.00,100.00,100.00,
- Per. of shares (as a % of the total Share Cap. of the company).,69.28,71.37,79.96,78.32,78.32,
