Quarterly Results of Adani Enterprises (in Rs. Cr.),Dec '17,Sep '17,Jun '17,Mar '17,Dec '16,
Net Sales/Income from operations,"2,890.56","2,406.12","3,023.85","2,784.52","1,866.68",
Other Operating Income,--,--,--,--,0.21,
Total Income From Operations,"2,890.56","2,406.12","3,023.85","2,784.52","1,866.89",
EXPENDITURE,,,,,,
Consumption of Raw Materials,--,--,--,--,--,
Purchase of Traded Goods,"2,455.03","2,303.16","2,599.95","2,173.44","1,711.51",
Increase/Decrease in Stocks,-46.62,-228.55,30.64,177.66,-276.57,
Power & Fuel,--,--,--,--,--,
Employees Cost,50.49,67.55,65.27,54.66,60.68,
depreciat,22.65,20.83,20.58,20.91,19.76,
Excise Duty,--,--,--,--,--,
Admin. And Selling Expenses,--,--,--,--,--,
R & D Expenses,--,--,--,--,--,
Provisions And Contingencies,--,--,--,--,--,
Exp. Capitalised,--,--,--,--,--,
Other Expenses,202.09,184.69,231.48,265.24,278.20,
"P/L Before Other Inc. , Int., Excpt. Items & Tax",206.92,58.44,75.93,92.61,73.31,
Other Income,118.34,117.16,121.80,100.14,152.19,
"P/L Before Int., Excpt. Items & Tax",325.26,175.60,197.73,192.75,225.50,
Interest,154.84,192.00,166.27,184.32,194.33,
P/L Before Exceptional Items & Tax,170.42,-16.40,31.46,8.43,31.17,
Exceptional Items,--,--,--,--,--,
P/L Before Tax,170.42,-16.40,31.46,8.43,31.17,
Tax,41.11,--,8.49,39.25,56.31,
P/L After Tax from Ordinary Activities,129.31,-16.40,22.97,-30.82,-25.14,
Prior Year Adjustments,--,--,--,--,--,
Extra Ordinary Items,--,--,--,--,--,
Net Profit/(Loss) For the Period,129.31,-16.40,22.97,-30.82,-25.14,
Equity Share Capital,109.98,109.98,109.98,109.98,109.98,
Reserves Excluding Revaluation Reserves,--,--,--,--,--,
Equity Dividend Rate (%),--,--,--,--,--,
EPS Before Extra Ordinary,,,,,,
Basic EPS,1.18,-0.15,0.21,-0.28,-0.23,
Diluted EPS,1.18,-0.15,0.21,-0.28,-0.23,
EPS After Extra Ordinary,,,,,,
Basic EPS.,1.18,-0.15,0.21,-0.28,-0.23,
Diluted EPS.,1.18,-0.15,0.21,-0.28,-0.23,
Public Share Holding,,,,,,
No Of Shares (Crores),--,--,--,--,--,
Share Holding (%),--,--,--,--,--,
Promoters and Promoter Group Shareholding,,,,,,
a) Pledged/Encumbered,,,,,,
- Number of shares (Crores),--,--,--,--,--,
- Per. of shares (as a % of the total sh. of prom. and promoter group),--,--,--,--,--,
- Per. of shares (as a % of the total Share Cap. of the company),--,--,--,--,--,
b) Non-encumbered,,,,,,
- Number of shares (Crores).,--,--,--,--,--,
- Per. of shares (as a % of the total sh. of prom. and promoter group).,--,--,--,--,--,
- Per. of shares (as a % of the total Share Cap. of the company).,--,--,--,--,--,
