Quarterly Results of Adani Enterprises (in Rs. Cr.),Sep '11,Jun '11,Mar '11,Dec '10,Sep '10,
Net Sales/Income from operations,"1,615.46","1,058.11",779.95,665.98,646.68,
Other Operating Income,0.48,0.05,--,--,--,
Total Income From Operations,"1,615.94","1,058.16",779.95,665.98,646.68,
EXPENDITURE,,,,,,
Consumption of Raw Materials,--,--,--,--,--,
Purchase of Traded Goods,"1,646.10",785.59,--,--,--,
Increase/Decrease in Stocks,-253.33,38.11,-18.02,-77.75,-7.27,
Power & Fuel,--,--,--,--,--,
Employees Cost,25.76,30.19,20.03,31.48,23.58,
depreciat,4.25,5.24,4.15,3.91,2.63,
Excise Duty,--,--,--,--,--,
Admin. And Selling Expenses,--,--,--,--,--,
R & D Expenses,--,--,--,--,--,
Provisions And Contingencies,--,--,--,--,--,
Exp. Capitalised,--,--,--,--,--,
Other Expenses,165.88,187.79,911.54,733.45,639.40,
"P/L Before Other Inc. , Int., Excpt. Items & Tax",27.28,11.24,-137.75,-25.11,-11.66,
Other Income,87.03,129.67,146.38,52.51,229.32,
"P/L Before Int., Excpt. Items & Tax",114.31,140.91,8.63,27.40,217.66,
Interest,50.75,27.29,12.44,11.95,19.80,
P/L Before Exceptional Items & Tax,63.56,113.62,-3.81,15.45,197.86,
Exceptional Items,0.07,-0.03,--,--,--,
P/L Before Tax,63.63,113.59,-3.81,15.45,197.86,
Tax,17.61,18.66,-50.32,5.15,21.65,
P/L After Tax from Ordinary Activities,46.02,94.93,46.51,10.30,176.21,
Prior Year Adjustments,--,--,--,--,--,
Extra Ordinary Items,--,--,3.17,0.04,-51.29,
Net Profit/(Loss) For the Period,46.02,94.93,49.68,10.34,124.92,
Equity Share Capital,109.98,109.98,109.98,109.98,109.98,
Reserves Excluding Revaluation Reserves,--,--,--,--,--,
Equity Dividend Rate (%),--,--,--,--,--,
EPS Before Extra Ordinary,,,,,,
Basic EPS,0.42,--,0.47,0.42,--,
Diluted EPS,0.42,--,0.47,0.42,--,
EPS After Extra Ordinary,,,,,,
Basic EPS.,0.42,0.86,0.47,0.42,--,
Diluted EPS.,0.42,0.86,0.47,0.42,--,
Public Share Holding,,,,,,
No Of Shares (Crores),23.85,23.85,23.85,23.85,23.85,
Share Holding (%),21.68,21.68,21.68,21.68,21.68,
Promoters and Promoter Group Shareholding,,,,,,
a) Pledged/Encumbered,,,,,,
- Number of shares (Crores),--,--,0.80,--,--,
- Per. of shares (as a % of the total sh. of prom. and promoter group),--,--,0.93,--,--,
- Per. of shares (as a % of the total Share Cap. of the company),--,--,0.73,--,--,
b) Non-encumbered,,,,,,
- Number of shares (Crores).,86.13,86.13,85.33,85.33,--,
- Per. of shares (as a % of the total sh. of prom. and promoter group).,100.00,100.00,99.07,99.07,--,
- Per. of shares (as a % of the total Share Cap. of the company).,78.32,78.32,77.59,77.59,--,
