Quarterly Results of Adani Enterprises (in Rs. Cr.),Mar '09,Dec '08,Sep '08,Jun '08,Mar '08,
Net Sales/Income from operations,"2,890.52","3,174.50","3,115.23","2,394.80","3,919.06",
Other Operating Income,--,--,--,--,--,
Total Income From Operations,"2,890.52","3,174.50","3,115.23","2,394.80","3,919.06",
EXPENDITURE,,,,,,
Consumption of Raw Materials,--,--,--,--,--,
Purchase of Traded Goods,--,--,--,--,--,
Increase/Decrease in Stocks,89.88,392.21,72.68,2.36,81.35,
Power & Fuel,--,--,--,--,--,
Employees Cost,23.01,9.24,17.87,12.61,13.90,
depreciat,3.23,2.98,2.98,2.89,2.95,
Excise Duty,--,--,--,--,--,
Admin. And Selling Expenses,--,--,--,--,--,
R & D Expenses,--,--,--,--,--,
Provisions And Contingencies,--,--,--,--,--,
Exp. Capitalised,--,--,--,--,--,
Other Expenses,"2,648.06","2,627.29","2,873.05","2,215.33","3,645.05",
"P/L Before Other Inc. , Int., Excpt. Items & Tax",126.34,142.78,148.65,161.61,175.81,
Other Income,4.18,2.30,5.23,1.13,2.85,
"P/L Before Int., Excpt. Items & Tax",130.52,145.08,153.88,162.74,178.66,
Interest,-35.29,79.86,91.81,78.05,72.23,
P/L Before Exceptional Items & Tax,165.81,65.22,62.07,84.69,106.43,
Exceptional Items,--,--,--,--,--,
P/L Before Tax,165.81,65.22,62.07,84.69,106.43,
Tax,22.45,9.10,-0.83,17.46,-1.16,
P/L After Tax from Ordinary Activities,143.36,56.12,62.90,67.23,107.59,
Prior Year Adjustments,--,--,--,--,--,
Extra Ordinary Items,-6.65,-0.18,3.90,-0.26,0.38,
Net Profit/(Loss) For the Period,136.71,55.94,66.80,66.97,107.97,
Equity Share Capital,24.66,24.66,24.66,24.66,24.65,
Reserves Excluding Revaluation Reserves,--,--,--,--,--,
Equity Dividend Rate (%),--,--,--,--,--,
EPS Before Extra Ordinary,,,,,,
Basic EPS,--,--,--,--,--,
Diluted EPS,--,--,--,--,--,
EPS After Extra Ordinary,,,,,,
Basic EPS.,--,--,--,--,--,
Diluted EPS.,--,--,--,--,--,
Public Share Holding,,,,,,
No Of Shares (Crores),6.19,6.19,6.19,6.18,6.16,
Share Holding (%),25.09,25.09,25.08,25.04,25.00,
Promoters and Promoter Group Shareholding,,,,,,
a) Pledged/Encumbered,,,,,,
- Number of shares (Crores),--,--,--,--,--,
- Per. of shares (as a % of the total sh. of prom. and promoter group),--,--,--,--,--,
- Per. of shares (as a % of the total Share Cap. of the company),--,--,--,--,--,
b) Non-encumbered,,,,,,
- Number of shares (Crores).,--,--,--,--,--,
- Per. of shares (as a % of the total sh. of prom. and promoter group).,--,--,--,--,--,
- Per. of shares (as a % of the total Share Cap. of the company).,--,--,--,--,--,
