Quarterly Results of Adani Enterprises (in Rs. Cr.),Sep '21,Jun '21,Mar '21,Dec '20,Sep '20,
Net Sales/Income from operations,"4,966.74","4,989.53","4,711.73","4,078.92","2,576.25",
Other Operating Income,--,--,--,--,--,
Total Income From Operations,"4,966.74","4,989.53","4,711.73","4,078.92","2,576.25",
EXPENDITURE,,,,,,
Consumption of Raw Materials,--,--,--,--,--,
Purchase of Traded Goods,"4,444.75","4,676.67","3,320.36","3,706.56","1,713.08",
Increase/Decrease in Stocks,-475.83,-714.28,386.28,-442.30,235.27,
Power & Fuel,--,--,--,--,--,
Employees Cost,98.02,83.13,63.28,70.91,93.50,
depreciat,30.48,30.03,30.05,30.43,30.55,
Excise Duty,--,--,--,--,--,
Admin. And Selling Expenses,--,--,--,--,--,
R & D Expenses,--,--,--,--,--,
Provisions And Contingencies,--,--,--,--,--,
Exp. Capitalised,--,--,--,--,--,
Other Expenses,448.64,500.56,503.41,408.86,258.86,
"P/L Before Other Inc. , Int., Excpt. Items & Tax",420.68,413.42,408.35,304.46,244.99,
Other Income,129.37,103.41,40.98,104.81,136.98,
"P/L Before Int., Excpt. Items & Tax",550.05,516.83,449.33,409.27,381.97,
Interest,131.28,114.75,130.48,150.70,114.55,
P/L Before Exceptional Items & Tax,418.77,402.08,318.85,258.57,267.42,
Exceptional Items,--,--,-133.41,-79.44,--,
P/L Before Tax,418.77,402.08,185.44,179.13,267.42,
Tax,145.07,145.31,58.60,61.96,61.26,
P/L After Tax from Ordinary Activities,273.70,256.77,126.84,117.17,206.16,
Prior Year Adjustments,--,--,--,--,--,
Extra Ordinary Items,--,--,--,--,--,
Net Profit/(Loss) For the Period,273.70,256.77,126.84,117.17,206.16,
Equity Share Capital,109.98,109.98,109.98,109.98,109.98,
Reserves Excluding Revaluation Reserves,--,--,--,--,--,
Equity Dividend Rate (%),--,--,--,--,--,
EPS Before Extra Ordinary,,,,,,
Basic EPS,2.49,2.33,1.15,1.07,1.87,
Diluted EPS,2.49,2.33,1.15,1.07,1.87,
EPS After Extra Ordinary,,,,,,
Basic EPS.,2.49,2.33,1.15,1.07,1.87,
Diluted EPS.,2.49,2.33,1.15,1.07,1.87,
Public Share Holding,,,,,,
No Of Shares (Crores),--,--,--,--,--,
Share Holding (%),--,--,--,--,--,
Promoters and Promoter Group Shareholding,,,,,,
a) Pledged/Encumbered,,,,,,
- Number of shares (Crores),--,--,--,--,--,
- Per. of shares (as a % of the total sh. of prom. and promoter group),--,--,--,--,--,
- Per. of shares (as a % of the total Share Cap. of the company),--,--,--,--,--,
b) Non-encumbered,,,,,,
- Number of shares (Crores).,--,--,--,--,--,
- Per. of shares (as a % of the total sh. of prom. and promoter group).,--,--,--,--,--,
- Per. of shares (as a % of the total Share Cap. of the company).,--,--,--,--,--,
