Quarterly Results of Adani Enterprises (in Rs. Cr.),Mar '19,Dec '18,Sep '18,Jun '18,Mar '18,
Net Sales/Income from operations,"5,277.44","4,510.16","3,078.16","2,686.51","2,798.87",
Other Operating Income,--,--,--,--,--,
Total Income From Operations,"5,277.44","4,510.16","3,078.16","2,686.51","2,798.87",
EXPENDITURE,,,,,,
Consumption of Raw Materials,--,--,--,--,--,
Purchase of Traded Goods,"4,712.89","3,360.62","3,278.77","1,886.17","2,691.56",
Increase/Decrease in Stocks,-590.93,393.75,-693.64,285.54,-502.86,
Power & Fuel,--,--,--,--,--,
Employees Cost,42.01,64.84,64.70,67.95,52.03,
depreciat,34.36,24.05,21.23,21.55,23.35,
Excise Duty,--,--,--,--,--,
Admin. And Selling Expenses,--,--,--,--,--,
R & D Expenses,--,--,--,--,--,
Provisions And Contingencies,--,--,--,--,--,
Exp. Capitalised,--,--,--,--,--,
Other Expenses,576.91,430.04,355.79,366.13,266.17,
"P/L Before Other Inc. , Int., Excpt. Items & Tax",502.20,236.86,51.31,59.17,268.62,
Other Income,91.74,110.75,91.65,88.16,259.17,
"P/L Before Int., Excpt. Items & Tax",593.94,347.61,142.96,147.33,527.79,
Interest,133.74,152.34,142.80,152.19,204.29,
P/L Before Exceptional Items & Tax,460.20,195.27,0.16,-4.86,323.50,
Exceptional Items,4.18,--,-25.00,--,-181.05,
P/L Before Tax,464.38,195.27,-24.84,-4.86,142.45,
Tax,133.19,7.22,--,2.30,51.46,
P/L After Tax from Ordinary Activities,331.19,188.05,-24.84,-7.16,90.99,
Prior Year Adjustments,--,--,--,--,--,
Extra Ordinary Items,--,--,0.02,--,-29.83,
Net Profit/(Loss) For the Period,331.19,188.05,-24.82,-7.16,61.16,
Equity Share Capital,109.98,109.98,109.98,109.98,109.98,
Reserves Excluding Revaluation Reserves,--,--,--,--,--,
Equity Dividend Rate (%),--,--,--,--,--,
EPS Before Extra Ordinary,,,,,,
Basic EPS,3.01,1.71,-0.23,-0.07,0.56,
Diluted EPS,3.01,1.71,-0.23,-0.07,0.56,
EPS After Extra Ordinary,,,,,,
Basic EPS.,3.01,1.71,-0.23,-0.07,0.56,
Diluted EPS.,3.01,1.71,-0.23,-0.07,0.56,
Public Share Holding,,,,,,
No Of Shares (Crores),--,--,--,--,--,
Share Holding (%),--,--,--,--,--,
Promoters and Promoter Group Shareholding,,,,,,
a) Pledged/Encumbered,,,,,,
- Number of shares (Crores),--,--,--,--,--,
- Per. of shares (as a % of the total sh. of prom. and promoter group),--,--,--,--,--,
- Per. of shares (as a % of the total Share Cap. of the company),--,--,--,--,--,
b) Non-encumbered,,,,,,
- Number of shares (Crores).,--,--,--,--,--,
- Per. of shares (as a % of the total sh. of prom. and promoter group).,--,--,--,--,--,
- Per. of shares (as a % of the total Share Cap. of the company).,--,--,--,--,--,
