Quarterly Results of Adani Enterprises (in Rs. Cr.),Mar '14,Dec '13,Sep '13,Jun '13,Mar '13,
Net Sales/Income from operations,"2,692.19","3,041.55","3,189.63","2,776.17","3,418.70",
Other Operating Income,7.10,77.30,2.59,2.78,3.55,
Total Income From Operations,"2,699.29","3,118.85","3,192.22","2,778.95","3,422.25",
EXPENDITURE,,,,,,
Consumption of Raw Materials,--,--,0.11,0.01,2.12,
Purchase of Traded Goods,"2,675.84","2,643.03","2,598.31","2,532.69","2,559.91",
Increase/Decrease in Stocks,-333.81,70.65,154.42,-222.21,415.41,
Power & Fuel,--,--,--,--,--,
Employees Cost,36.88,38.52,38.64,34.10,30.82,
depreciat,14.63,14.91,15.20,14.33,13.65,
Excise Duty,--,--,--,--,--,
Admin. And Selling Expenses,--,--,--,--,--,
R & D Expenses,--,--,--,--,--,
Provisions And Contingencies,--,--,--,--,--,
Exp. Capitalised,--,--,--,--,--,
Other Expenses,492.93,409.15,719.77,646.48,418.84,
"P/L Before Other Inc. , Int., Excpt. Items & Tax",-187.18,-57.41,-334.23,-226.45,-18.49,
Other Income,357.55,221.05,372.27,253.27,164.56,
"P/L Before Int., Excpt. Items & Tax",170.37,163.64,38.04,26.82,146.06,
Interest,179.31,206.29,217.96,157.62,131.79,
P/L Before Exceptional Items & Tax,-8.94,-42.65,-179.92,-130.80,14.27,
Exceptional Items,--,--,--,--,-99.93,
P/L Before Tax,-8.94,-42.65,-179.92,-130.80,-85.65,
Tax,-111.15,0.09,-77.67,5.10,-12.05,
P/L After Tax from Ordinary Activities,102.21,-42.74,-102.25,-135.90,-73.61,
Prior Year Adjustments,--,--,--,--,--,
Extra Ordinary Items,--,--,--,--,--,
Net Profit/(Loss) For the Period,102.21,-42.74,-102.25,-135.90,-73.61,
Equity Share Capital,109.98,109.98,109.98,109.98,109.98,
Reserves Excluding Revaluation Reserves,--,--,--,--,--,
Equity Dividend Rate (%),--,--,--,--,--,
EPS Before Extra Ordinary,,,,,,
Basic EPS,0.93,-0.39,-0.93,-1.24,-0.67,
Diluted EPS,0.93,-0.39,-0.93,-1.24,-0.67,
EPS After Extra Ordinary,,,,,,
Basic EPS.,0.93,-0.39,-0.93,-1.24,-0.67,
Diluted EPS.,0.93,-0.39,-0.93,-1.24,-0.67,
Public Share Holding,,,,,,
No Of Shares (Crores),27.50,27.50,27.50,27.50,25.89,
Share Holding (%),25.00,25.00,25.00,25.00,23.54,
Promoters and Promoter Group Shareholding,,,,,,
a) Pledged/Encumbered,,,,,,
- Number of shares (Crores),9.94,11.84,11.84,11.84,9.44,
- Per. of shares (as a % of the total sh. of prom. and promoter group),12.05,14.36,14.36,14.36,11.23,
- Per. of shares (as a % of the total Share Cap. of the company),9.04,10.77,10.77,10.77,8.59,
b) Non-encumbered,,,,,,
- Number of shares (Crores).,72.55,70.64,70.64,70.64,74.65,
- Per. of shares (as a % of the total sh. of prom. and promoter group).,87.95,85.64,85.64,85.64,88.77,
- Per. of shares (as a % of the total Share Cap. of the company).,65.96,64.23,64.23,64.23,67.87,
