Quarterly Results of Apollo Hospitals Enterprises (in Rs. Cr.),Jun '20,Mar '20,Dec '19,Sep '19,Jun '19,
Net Sales/Income from operations,"1,961.52","2,572.15","2,529.50","2,463.58","2,229.20",
Other Operating Income,--,--,--,--,--,
Total Income From Operations,"1,961.52","2,572.15","2,529.50","2,463.58","2,229.20",
EXPENDITURE,,,,,,
Consumption of Raw Materials,235.99,371.80,397.60,398.02,364.70,
Purchase of Traded Goods,"1,067.74","1,034.35",968.50,924.91,826.43,
Increase/Decrease in Stocks,-133.45,-10.58,-34.40,-31.32,-28.03,
Power & Fuel,--,--,--,--,--,
Employees Cost,376.78,392.95,392.44,380.94,352.84,
depreciat,126.44,129.05,123.08,120.32,109.81,
Excise Duty,--,--,--,--,--,
Admin. And Selling Expenses,--,--,--,--,--,
R & D Expenses,--,--,--,--,--,
Provisions And Contingencies,--,--,--,--,--,
Exp. Capitalised,--,--,--,--,--,
Other Expenses,373.01,435.29,428.67,426.61,387.45,
"P/L Before Other Inc. , Int., Excpt. Items & Tax",-84.99,219.29,253.61,244.10,216.00,
Other Income,1.69,-0.77,3.01,3.94,4.74,
"P/L Before Int., Excpt. Items & Tax",-83.30,218.52,256.62,248.04,220.74,
Interest,102.62,107.29,110.98,107.69,99.91,
P/L Before Exceptional Items & Tax,-185.92,111.23,145.64,140.35,120.83,
Exceptional Items,--,164.35,--,--,--,
P/L Before Tax,-185.92,275.58,145.64,140.35,120.83,
Tax,-36.81,69.98,50.89,49.75,41.51,
P/L After Tax from Ordinary Activities,-149.11,205.60,94.75,90.60,79.32,
Prior Year Adjustments,--,--,--,--,--,
Extra Ordinary Items,--,--,--,--,--,
Net Profit/(Loss) For the Period,-149.11,205.60,94.75,90.60,79.32,
Equity Share Capital,69.56,69.56,69.56,69.56,69.56,
Reserves Excluding Revaluation Reserves,--,--,--,--,--,
Equity Dividend Rate (%),--,--,--,--,--,
EPS Before Extra Ordinary,,,,,,
Basic EPS,-10.72,14.78,6.81,6.51,5.70,
Diluted EPS,-10.72,14.78,6.81,6.51,5.70,
EPS After Extra Ordinary,,,,,,
Basic EPS.,-10.72,14.78,6.81,6.51,5.70,
Diluted EPS.,-10.72,14.78,6.81,6.51,5.70,
Public Share Holding,,,,,,
No Of Shares (Crores),--,--,--,--,--,
Share Holding (%),--,--,--,--,--,
Promoters and Promoter Group Shareholding,,,,,,
a) Pledged/Encumbered,,,,,,
- Number of shares (Crores),--,--,--,--,--,
- Per. of shares (as a % of the total sh. of prom. and promoter group),--,--,--,--,--,
- Per. of shares (as a % of the total Share Cap. of the company),--,--,--,--,--,
b) Non-encumbered,,,,,,
- Number of shares (Crores).,--,--,--,--,--,
- Per. of shares (as a % of the total sh. of prom. and promoter group).,--,--,--,--,--,
- Per. of shares (as a % of the total Share Cap. of the company).,--,--,--,--,--,
