Quarterly Results of Apollo Hospitals Enterprises (in Rs. Cr.),Dec '07,
Net Sales/Income from operations,289.10,
Other Operating Income,--,
Total Income From Operations,289.10,
EXPENDITURE,,
Consumption of Raw Materials,151.20,
Purchase of Traded Goods,--,
Increase/Decrease in Stocks,--,
Power & Fuel,--,
Employees Cost,43.90,
depreciat,9.30,
Excise Duty,--,
Admin. And Selling Expenses,40.90,
R & D Expenses,--,
Provisions And Contingencies,--,
Exp. Capitalised,--,
Other Expenses,9.70,
"P/L Before Other Inc. , Int., Excpt. Items & Tax",34.10,
Other Income,8.00,
"P/L Before Int., Excpt. Items & Tax",42.10,
Interest,6.20,
P/L Before Exceptional Items & Tax,35.90,
Exceptional Items,--,
P/L Before Tax,35.90,
Tax,9.60,
P/L After Tax from Ordinary Activities,26.30,
Prior Year Adjustments,--,
Extra Ordinary Items,--,
Net Profit/(Loss) For the Period,26.30,
Equity Share Capital,58.60,
Reserves Excluding Revaluation Reserves,--,
Equity Dividend Rate (%),--,
EPS Before Extra Ordinary,,
Basic EPS,--,
Diluted EPS,--,
EPS After Extra Ordinary,,
Basic EPS.,--,
Diluted EPS.,--,
Public Share Holding,,
No Of Shares (Crores),3.77,
Share Holding (%),64.25,
Promoters and Promoter Group Shareholding,,
a) Pledged/Encumbered,,
- Number of shares (Crores),--,
- Per. of shares (as a % of the total sh. of prom. and promoter group),--,
- Per. of shares (as a % of the total Share Cap. of the company),--,
b) Non-encumbered,,
- Number of shares (Crores).,--,
- Per. of shares (as a % of the total sh. of prom. and promoter group).,--,
- Per. of shares (as a % of the total Share Cap. of the company).,--,
