Quarterly Results of Apollo Hospitals Enterprises (in Rs. Cr.),Mar '09,Dec '08,Sep '08,Jun '08,Mar '08,
Net Sales/Income from operations,391.08,373.00,364.83,329.07,304.00,
Other Operating Income,--,--,--,--,--,
Total Income From Operations,391.08,373.00,364.83,329.07,304.00,
EXPENDITURE,,,,,,
Consumption of Raw Materials,205.09,198.24,191.31,174.01,159.50,
Purchase of Traded Goods,--,--,--,--,--,
Increase/Decrease in Stocks,--,--,--,--,--,
Power & Fuel,--,--,--,--,--,
Employees Cost,63.45,57.17,52.13,48.30,48.50,
depreciat,12.47,11.03,10.64,9.78,10.20,
Excise Duty,--,--,--,--,--,
Admin. And Selling Expenses,58.95,52.07,53.49,42.06,46.70,
R & D Expenses,--,--,--,--,--,
Provisions And Contingencies,--,--,--,--,--,
Exp. Capitalised,--,--,--,--,--,
Other Expenses,10.06,10.15,10.81,10.57,10.00,
"P/L Before Other Inc. , Int., Excpt. Items & Tax",41.06,44.34,46.45,44.35,29.10,
Other Income,5.52,7.50,5.48,3.87,7.80,
"P/L Before Int., Excpt. Items & Tax",46.58,51.84,51.93,48.22,36.90,
Interest,4.96,6.69,6.66,4.00,5.00,
P/L Before Exceptional Items & Tax,41.62,45.15,45.27,44.22,31.90,
Exceptional Items,--,--,--,--,--,
P/L Before Tax,41.62,45.15,45.27,44.22,31.90,
Tax,12.48,11.60,15.14,14.95,8.70,
P/L After Tax from Ordinary Activities,29.14,33.55,30.13,29.27,23.20,
Prior Year Adjustments,--,--,--,--,-1.30,
Extra Ordinary Items,--,-4.02,--,--,--,
Net Profit/(Loss) For the Period,29.14,29.53,30.13,29.27,23.20,
Equity Share Capital,60.24,60.23,60.23,58.68,58.60,
Reserves Excluding Revaluation Reserves,--,--,--,--,--,
Equity Dividend Rate (%),--,--,--,--,--,
EPS Before Extra Ordinary,,,,,,
Basic EPS,--,--,--,--,--,
Diluted EPS,--,--,--,--,--,
EPS After Extra Ordinary,,,,,,
Basic EPS.,--,--,--,--,--,
Diluted EPS.,--,--,--,--,--,
Public Share Holding,,,,,,
No Of Shares (Crores),3.64,3.65,3.65,3.78,3.77,
Share Holding (%),60.45,60.51,60.63,64.36,64.25,
Promoters and Promoter Group Shareholding,,,,,,
a) Pledged/Encumbered,,,,,,
- Number of shares (Crores),--,--,--,--,--,
- Per. of shares (as a % of the total sh. of prom. and promoter group),--,--,--,--,--,
- Per. of shares (as a % of the total Share Cap. of the company),--,--,--,--,--,
b) Non-encumbered,,,,,,
- Number of shares (Crores).,--,--,--,--,--,
- Per. of shares (as a % of the total sh. of prom. and promoter group).,--,--,--,--,--,
- Per. of shares (as a % of the total Share Cap. of the company).,--,--,--,--,--,
