Quarterly Results of Apollo Hospitals Enterprises (in Rs. Cr.),Mar '24,Dec '23,Sep '23,Jun '23,Mar '23,
Net Sales/Income from operations,"1,894.60","1,824.30","1,866.50","1,688.40","1,640.83",
Other Operating Income,--,--,--,--,--,
Total Income From Operations,"1,894.60","1,824.30","1,866.50","1,688.40","1,640.83",
EXPENDITURE,,,,,,
Consumption of Raw Materials,526.60,496.50,514.20,461.70,437.93,
Purchase of Traded Goods,--,--,--,--,--,
Increase/Decrease in Stocks,--,--,--,--,--,
Power & Fuel,--,--,--,--,--,
Employees Cost,383.90,350.10,357.80,333.40,335.55,
depreciat,115.30,97.20,93.40,93.10,96.69,
Excise Duty,--,--,--,--,--,
Admin. And Selling Expenses,--,--,--,--,--,
R & D Expenses,--,--,--,--,--,
Provisions And Contingencies,--,--,--,--,--,
Exp. Capitalised,--,--,--,--,--,
Other Expenses,533.70,527.40,515.40,475.60,444.15,
"P/L Before Other Inc. , Int., Excpt. Items & Tax",335.10,353.10,385.70,324.60,326.51,
Other Income,46.00,51.50,64.60,17.80,42.77,
"P/L Before Int., Excpt. Items & Tax",381.10,404.60,450.30,342.40,369.28,
Interest,68.70,60.60,59.60,60.90,60.60,
P/L Before Exceptional Items & Tax,312.40,344.00,390.70,281.50,308.68,
Exceptional Items,--,--,--,--,--,
P/L Before Tax,312.40,344.00,390.70,281.50,308.68,
Tax,73.60,81.20,95.90,67.40,81.82,
P/L After Tax from Ordinary Activities,238.80,262.80,294.80,214.10,226.86,
Prior Year Adjustments,--,--,--,--,--,
Extra Ordinary Items,--,--,--,--,--,
Net Profit/(Loss) For the Period,238.80,262.80,294.80,214.10,226.86,
Equity Share Capital,71.90,71.90,71.90,71.90,71.89,
Reserves Excluding Revaluation Reserves,--,--,--,--,--,
Equity Dividend Rate (%),--,--,--,--,--,
EPS Before Extra Ordinary,,,,,,
Basic EPS,16.61,18.28,20.50,14.89,15.78,
Diluted EPS,16.61,18.28,20.50,14.89,15.78,
EPS After Extra Ordinary,,,,,,
Basic EPS.,16.61,18.28,20.50,14.89,15.78,
Diluted EPS.,16.61,18.28,20.50,14.89,15.78,
Public Share Holding,,,,,,
No Of Shares (Crores),--,--,--,--,--,
Share Holding (%),--,--,--,--,--,
Promoters and Promoter Group Shareholding,,,,,,
a) Pledged/Encumbered,,,,,,
- Number of shares (Crores),--,--,--,--,--,
- Per. of shares (as a % of the total sh. of prom. and promoter group),--,--,--,--,--,
- Per. of shares (as a % of the total Share Cap. of the company),--,--,--,--,--,
b) Non-encumbered,,,,,,
- Number of shares (Crores).,--,--,--,--,--,
- Per. of shares (as a % of the total sh. of prom. and promoter group).,--,--,--,--,--,
- Per. of shares (as a % of the total Share Cap. of the company).,--,--,--,--,--,
