Quarterly Results of Apollo Hospitals Enterprises (in Rs. Cr.),Sep '11,Jun '11,Mar '11,Dec '10,Sep '10,
Net Sales/Income from operations,699.75,641.01,621.40,600.87,586.40,
Other Operating Income,--,--,--,--,--,
Total Income From Operations,699.75,641.01,621.40,600.87,586.40,
EXPENDITURE,,,,,,
Consumption of Raw Materials,197.71,196.75,188.99,183.74,174.80,
Purchase of Traded Goods,166.98,151.72,--,--,--,
Increase/Decrease in Stocks,-3.07,-10.33,-0.95,-4.12,-2.07,
Power & Fuel,--,--,--,--,--,
Employees Cost,109.48,96.21,97.28,90.39,90.90,
depreciat,22.79,19.77,18.28,17.82,17.83,
Excise Duty,--,--,--,--,--,
Admin. And Selling Expenses,94.38,85.21,86.39,83.46,78.15,
R & D Expenses,--,--,--,--,--,
Provisions And Contingencies,--,--,--,--,--,
Exp. Capitalised,--,--,--,--,--,
Other Expenses,14.52,15.53,154.93,153.14,145.02,
"P/L Before Other Inc. , Int., Excpt. Items & Tax",96.96,86.15,76.48,76.44,81.77,
Other Income,6.95,4.66,5.85,5.08,6.84,
"P/L Before Int., Excpt. Items & Tax",103.91,90.81,82.33,81.52,88.61,
Interest,21.01,14.94,15.77,13.35,13.88,
P/L Before Exceptional Items & Tax,82.90,75.87,66.56,68.17,74.73,
Exceptional Items,--,--,--,--,--,
P/L Before Tax,82.90,75.87,66.56,68.17,74.73,
Tax,27.14,24.61,19.47,22.36,25.18,
P/L After Tax from Ordinary Activities,55.76,51.26,47.09,45.81,49.55,
Prior Year Adjustments,--,--,--,--,--,
Extra Ordinary Items,--,--,--,--,--,
Net Profit/(Loss) For the Period,55.76,51.26,47.09,45.81,49.55,
Equity Share Capital,65.69,62.36,62.36,62.36,61.78,
Reserves Excluding Revaluation Reserves,--,--,--,--,--,
Equity Dividend Rate (%),--,--,--,--,--,
EPS Before Extra Ordinary,,,,,,
Basic EPS,4.29,4.11,3.78,3.70,--,
Diluted EPS,4.07,3.88,3.61,3.58,--,
EPS After Extra Ordinary,,,,,,
Basic EPS.,4.29,4.11,3.78,3.70,--,
Diluted EPS.,4.07,3.88,3.61,3.58,--,
Public Share Holding,,,,,,
No Of Shares (Crores),8.80,8.12,8.02,7.42,7.30,
Share Holding (%),66.95,65.11,64.31,59.46,59.09,
Promoters and Promoter Group Shareholding,,,,,,
a) Pledged/Encumbered,,,,,,
- Number of shares (Crores),2.44,2.44,2.44,2.44,--,
- Per. of shares (as a % of the total sh. of prom. and promoter group),59.01,58.96,58.96,60.42,--,
- Per. of shares (as a % of the total Share Cap. of the company),18.60,19.60,19.60,20.08,--,
b) Non-encumbered,,,,,,
- Number of shares (Crores).,1.70,1.70,1.70,1.64,--,
- Per. of shares (as a % of the total sh. of prom. and promoter group).,40.99,41.04,41.04,39.58,--,
- Per. of shares (as a % of the total Share Cap. of the company).,12.92,13.64,13.64,13.16,--,
