Quarterly Results of Apollo Hospitals Enterprises (in Rs. Cr.),Sep '21,Jun '21,Mar '21,Dec '20,Sep '20,
Net Sales/Income from operations,"2,823.20","2,994.71","2,410.07","2,367.01","2,414.45",
Other Operating Income,--,--,--,--,--,
Total Income From Operations,"2,823.20","2,994.71","2,410.07","2,367.01","2,414.45",
EXPENDITURE,,,,,,
Consumption of Raw Materials,676.47,377.70,357.71,375.42,360.75,
Purchase of Traded Goods,872.12,"1,589.82","1,010.83","1,025.44","1,051.20",
Increase/Decrease in Stocks,78.93,-125.13,-1.15,-7.62,14.59,
Power & Fuel,--,--,--,--,--,
Employees Cost,320.03,318.03,292.97,268.98,336.38,
depreciat,93.73,96.00,101.40,91.78,116.33,
Excise Duty,--,--,--,--,--,
Admin. And Selling Expenses,--,--,--,--,--,
R & D Expenses,--,--,--,--,--,
Provisions And Contingencies,--,--,--,--,--,
Exp. Capitalised,--,--,--,--,--,
Other Expenses,436.79,443.70,413.88,382.87,403.31,
"P/L Before Other Inc. , Int., Excpt. Items & Tax",345.13,294.59,234.43,230.14,131.89,
Other Income,8.29,8.74,10.74,0.93,4.79,
"P/L Before Int., Excpt. Items & Tax",353.42,303.33,245.17,231.07,136.68,
Interest,64.39,63.76,68.27,75.77,97.15,
P/L Before Exceptional Items & Tax,289.03,239.57,176.90,155.30,39.53,
Exceptional Items,--,-6.74,-8.00,--,-1.09,
P/L Before Tax,289.03,232.83,168.90,155.30,38.44,
Tax,103.14,82.79,53.38,49.08,5.92,
P/L After Tax from Ordinary Activities,185.89,150.04,115.52,106.22,32.52,
Prior Year Adjustments,--,--,--,--,--,
Extra Ordinary Items,--,--,--,--,--,
Net Profit/(Loss) For the Period,185.89,150.04,115.52,106.22,32.52,
Equity Share Capital,71.89,71.89,71.89,69.56,69.56,
Reserves Excluding Revaluation Reserves,--,--,--,--,--,
Equity Dividend Rate (%),--,--,--,--,--,
EPS Before Extra Ordinary,,,,,,
Basic EPS,12.93,10.44,8.10,7.64,2.34,
Diluted EPS,12.93,10.44,8.10,7.64,2.34,
EPS After Extra Ordinary,,,,,,
Basic EPS.,12.93,10.44,8.10,7.64,2.34,
Diluted EPS.,12.93,10.44,8.10,7.64,2.34,
Public Share Holding,,,,,,
No Of Shares (Crores),--,--,--,--,--,
Share Holding (%),--,--,--,--,--,
Promoters and Promoter Group Shareholding,,,,,,
a) Pledged/Encumbered,,,,,,
- Number of shares (Crores),--,--,--,--,--,
- Per. of shares (as a % of the total sh. of prom. and promoter group),--,--,--,--,--,
- Per. of shares (as a % of the total Share Cap. of the company),--,--,--,--,--,
b) Non-encumbered,,,,,,
- Number of shares (Crores).,--,--,--,--,--,
- Per. of shares (as a % of the total sh. of prom. and promoter group).,--,--,--,--,--,
- Per. of shares (as a % of the total Share Cap. of the company).,--,--,--,--,--,
