Quarterly Results of Apollo Hospitals Enterprises (in Rs. Cr.),Dec '17,Sep '17,Jun '17,Mar '17,Dec '16,
Net Sales/Income from operations,"1,896.14","1,851.64","1,684.46","1,661.64","1,680.61",
Other Operating Income,--,--,--,--,--,
Total Income From Operations,"1,896.14","1,851.64","1,684.46","1,661.64","1,680.61",
EXPENDITURE,,,,,,
Consumption of Raw Materials,320.02,319.87,307.74,668.84,299.78,
Purchase of Traded Goods,678.10,622.32,635.46,560.09,619.67,
Increase/Decrease in Stocks,-7.65,3.90,-58.22,-362.57,-30.25,
Power & Fuel,--,--,--,--,--,
Employees Cost,283.71,283.01,261.22,248.28,247.14,
depreciat,67.75,66.48,64.64,62.79,61.76,
Excise Duty,--,--,--,--,--,
Admin. And Selling Expenses,--,--,--,--,61.34,
R & D Expenses,--,--,--,--,--,
Provisions And Contingencies,--,--,--,--,--,
Exp. Capitalised,--,--,--,--,--,
Other Expenses,400.69,401.30,364.63,376.94,288.85,
"P/L Before Other Inc. , Int., Excpt. Items & Tax",153.52,154.76,108.99,107.27,132.32,
Other Income,7.86,2.63,-3.75,9.13,3.08,
"P/L Before Int., Excpt. Items & Tax",161.38,157.39,105.24,116.40,135.40,
Interest,63.54,58.75,55.46,57.80,51.33,
P/L Before Exceptional Items & Tax,97.84,98.64,49.78,58.60,84.07,
Exceptional Items,--,--,--,--,--,
P/L Before Tax,97.84,98.64,49.78,58.60,84.07,
Tax,30.40,27.74,14.57,10.44,11.24,
P/L After Tax from Ordinary Activities,67.44,70.90,35.21,48.16,72.83,
Prior Year Adjustments,--,--,--,--,--,
Extra Ordinary Items,--,--,--,--,--,
Net Profit/(Loss) For the Period,67.44,70.90,35.21,48.16,72.83,
Equity Share Capital,69.56,69.56,69.56,69.56,69.56,
Reserves Excluding Revaluation Reserves,--,--,--,--,--,
Equity Dividend Rate (%),--,--,--,--,--,
EPS Before Extra Ordinary,,,,,,
Basic EPS,4.85,5.10,2.53,3.46,5.23,
Diluted EPS,4.85,5.10,2.53,3.46,5.23,
EPS After Extra Ordinary,,,,,,
Basic EPS.,4.85,5.10,2.53,3.46,5.23,
Diluted EPS.,4.85,5.10,2.53,3.46,5.23,
Public Share Holding,,,,,,
No Of Shares (Crores),--,--,--,--,--,
Share Holding (%),--,--,--,--,--,
Promoters and Promoter Group Shareholding,,,,,,
a) Pledged/Encumbered,,,,,,
- Number of shares (Crores),--,--,--,--,--,
- Per. of shares (as a % of the total sh. of prom. and promoter group),--,--,--,--,--,
- Per. of shares (as a % of the total Share Cap. of the company),--,--,--,--,--,
b) Non-encumbered,,,,,,
- Number of shares (Crores).,--,--,--,--,--,
- Per. of shares (as a % of the total sh. of prom. and promoter group).,--,--,--,--,--,
- Per. of shares (as a % of the total Share Cap. of the company).,--,--,--,--,--,
