Quarterly Results of Apollo Hospitals Enterprises (in Rs. Cr.),Jun '10,Mar '10,Dec '09,Sep '09,Jun '09,
Net Sales/Income from operations,523.29,482.90,480.87,456.06,405.95,
Other Operating Income,--,--,--,--,--,
Total Income From Operations,523.29,482.90,480.87,456.06,405.95,
EXPENDITURE,,,,,,
Consumption of Raw Materials,161.14,146.31,251.68,237.55,--,
Purchase of Traded Goods,117.97,--,--,--,--,
Increase/Decrease in Stocks,-6.78,3.28,--,--,211.07,
Power & Fuel,--,--,--,--,--,
Employees Cost,78.63,79.70,74.50,69.03,63.15,
depreciat,16.33,14.41,14.10,12.74,13.06,
Excise Duty,--,--,--,--,--,
Admin. And Selling Expenses,70.68,78.94,65.29,67.48,51.63,
R & D Expenses,--,--,--,--,--,
Provisions And Contingencies,--,--,--,--,--,
Exp. Capitalised,--,--,--,--,--,
Other Expenses,13.33,111.80,11.69,8.95,12.47,
"P/L Before Other Inc. , Int., Excpt. Items & Tax",71.99,48.46,63.61,60.31,54.57,
Other Income,3.60,5.55,10.65,2.09,14.68,
"P/L Before Int., Excpt. Items & Tax",75.59,54.01,74.26,62.40,69.25,
Interest,15.73,10.70,8.47,10.25,8.33,
P/L Before Exceptional Items & Tax,59.86,43.31,65.79,52.15,60.92,
Exceptional Items,--,--,--,--,--,
P/L Before Tax,59.86,43.31,65.79,52.15,60.92,
Tax,20.59,14.11,21.88,18.09,16.12,
P/L After Tax from Ordinary Activities,39.27,29.20,43.91,34.06,44.80,
Prior Year Adjustments,--,--,--,--,--,
Extra Ordinary Items,--,--,--,--,--,
Net Profit/(Loss) For the Period,39.27,29.20,43.91,34.06,44.80,
Equity Share Capital,61.78,61.78,61.78,61.78,61.78,
Reserves Excluding Revaluation Reserves,--,--,--,--,--,
Equity Dividend Rate (%),--,--,--,--,--,
EPS Before Extra Ordinary,,,,,,
Basic EPS,6.36,--,--,--,--,
Diluted EPS,6.21,--,--,--,--,
EPS After Extra Ordinary,,,,,,
Basic EPS.,6.36,--,--,--,--,
Diluted EPS.,6.21,--,--,--,--,
Public Share Holding,,,,,,
No Of Shares (Crores),3.65,3.64,3.64,3.64,3.64,
Share Holding (%),59.09,58.91,58.94,58.94,58.90,
Promoters and Promoter Group Shareholding,,,,,,
a) Pledged/Encumbered,,,,,,
- Number of shares (Crores),1.35,--,--,--,--,
- Per. of shares (as a % of the total sh. of prom. and promoter group),65.00,--,--,--,--,
- Per. of shares (as a % of the total Share Cap. of the company),21.80,--,--,--,--,
b) Non-encumbered,,,,,,
- Number of shares (Crores).,0.73,--,--,--,--,
- Per. of shares (as a % of the total sh. of prom. and promoter group).,35.00,--,--,--,--,
- Per. of shares (as a % of the total Share Cap. of the company).,11.74,--,--,--,--,
