Quarterly Results of Apollo Hospitals Enterprises (in Rs. Cr.),Mar '19,Dec '18,Sep '18,Jun '18,Mar '18,
Net Sales/Income from operations,"2,167.11","2,169.04","2,090.12","1,910.39","1,862.92",
Other Operating Income,--,--,--,--,--,
Total Income From Operations,"2,167.11","2,169.04","2,090.12","1,910.39","1,862.92",
EXPENDITURE,,,,,,
Consumption of Raw Materials,354.60,357.47,355.40,324.22,320.37,
Purchase of Traded Goods,761.79,779.94,760.26,747.31,678.34,
Increase/Decrease in Stocks,9.77,-4.51,-14.93,-62.33,-18.96,
Power & Fuel,--,--,--,--,--,
Employees Cost,347.36,340.48,311.39,295.86,290.86,
depreciat,77.04,76.57,73.88,72.40,73.14,
Excise Duty,--,--,--,--,--,
Admin. And Selling Expenses,--,--,--,--,--,
R & D Expenses,--,--,--,--,--,
Provisions And Contingencies,--,--,--,--,--,
Exp. Capitalised,--,--,--,--,--,
Other Expenses,427.78,427.80,420.19,378.68,378.73,
"P/L Before Other Inc. , Int., Excpt. Items & Tax",188.77,191.29,183.93,154.25,140.44,
Other Income,2.15,8.11,-0.07,2.05,5.84,
"P/L Before Int., Excpt. Items & Tax",190.92,199.40,183.86,156.30,146.28,
Interest,70.93,69.00,66.02,62.07,62.42,
P/L Before Exceptional Items & Tax,119.99,130.40,117.84,94.23,83.86,
Exceptional Items,--,--,--,--,--,
P/L Before Tax,119.99,130.40,117.84,94.23,83.86,
Tax,43.31,43.47,38.86,34.07,24.22,
P/L After Tax from Ordinary Activities,76.68,86.93,78.98,60.16,59.64,
Prior Year Adjustments,--,--,--,--,--,
Extra Ordinary Items,--,--,--,--,--,
Net Profit/(Loss) For the Period,76.68,86.93,78.98,60.16,59.64,
Equity Share Capital,69.56,69.56,69.56,69.56,69.56,
Reserves Excluding Revaluation Reserves,--,--,--,--,--,
Equity Dividend Rate (%),--,--,--,--,--,
EPS Before Extra Ordinary,,,,,,
Basic EPS,5.51,6.25,5.68,4.32,4.29,
Diluted EPS,5.51,6.25,5.68,4.32,4.29,
EPS After Extra Ordinary,,,,,,
Basic EPS.,5.51,6.25,5.68,4.32,4.29,
Diluted EPS.,5.51,6.25,5.68,4.32,4.29,
Public Share Holding,,,,,,
No Of Shares (Crores),--,--,--,--,--,
Share Holding (%),--,--,--,--,--,
Promoters and Promoter Group Shareholding,,,,,,
a) Pledged/Encumbered,,,,,,
- Number of shares (Crores),--,--,--,--,--,
- Per. of shares (as a % of the total sh. of prom. and promoter group),--,--,--,--,--,
- Per. of shares (as a % of the total Share Cap. of the company),--,--,--,--,--,
b) Non-encumbered,,,,,,
- Number of shares (Crores).,--,--,--,--,--,
- Per. of shares (as a % of the total sh. of prom. and promoter group).,--,--,--,--,--,
- Per. of shares (as a % of the total Share Cap. of the company).,--,--,--,--,--,
