Quarterly Results of Apollo Hospitals Enterprises (in Rs. Cr.),Dec '12,Sep '12,Jun '12,Mar '12,Dec '11,
Net Sales/Income from operations,855.79,836.32,777.39,744.56,714.75,
Other Operating Income,--,--,--,--,--,
Total Income From Operations,855.79,836.32,777.39,744.56,714.75,
EXPENDITURE,,,,,,
Consumption of Raw Materials,260.62,213.38,223.02,203.26,186.93,
Purchase of Traded Goods,222.23,225.50,198.51,185.69,185.49,
Increase/Decrease in Stocks,-40.24,-3.64,-21.79,-6.47,0.80,
Power & Fuel,--,--,--,--,--,
Employees Cost,135.75,130.49,125.74,114.22,108.60,
depreciat,27.55,26.99,25.11,24.08,24.25,
Excise Duty,--,--,--,--,--,
Admin. And Selling Expenses,22.12,23.06,14.02,12.98,100.36,
R & D Expenses,--,--,--,--,--,
Provisions And Contingencies,--,--,--,--,--,
Exp. Capitalised,--,--,--,--,--,
Other Expenses,108.92,103.54,107.50,114.85,14.20,
"P/L Before Other Inc. , Int., Excpt. Items & Tax",118.84,117.00,105.28,95.95,94.12,
Other Income,8.04,14.37,4.07,6.46,10.38,
"P/L Before Int., Excpt. Items & Tax",126.88,131.37,109.35,102.41,104.50,
Interest,19.33,18.84,13.67,15.49,12.67,
P/L Before Exceptional Items & Tax,107.55,112.53,95.68,86.92,91.83,
Exceptional Items,--,--,--,--,--,
P/L Before Tax,107.55,112.53,95.68,86.92,91.83,
Tax,26.91,29.29,25.94,27.60,27.18,
P/L After Tax from Ordinary Activities,80.64,83.24,69.74,59.32,64.65,
Prior Year Adjustments,--,--,--,--,--,
Extra Ordinary Items,--,--,--,--,--,
Net Profit/(Loss) For the Period,80.64,83.24,69.74,59.32,64.65,
Equity Share Capital,69.56,69.56,67.92,67.23,67.23,
Reserves Excluding Revaluation Reserves,--,--,--,--,--,
Equity Dividend Rate (%),--,--,--,--,--,
EPS Before Extra Ordinary,,,,,,
Basic EPS,5.80,6.02,5.17,4.41,4.89,
Diluted EPS,5.80,5.98,5.01,4.28,4.75,
EPS After Extra Ordinary,,,,,,
Basic EPS.,5.80,6.02,5.17,4.41,4.89,
Diluted EPS.,5.80,5.98,5.01,4.28,4.75,
Public Share Holding,,,,,,
No Of Shares (Crores),8.62,8.60,8.60,8.46,8.82,
Share Holding (%),61.93,61.85,63.34,62.91,65.59,
Promoters and Promoter Group Shareholding,,,,,,
a) Pledged/Encumbered,,,,,,
- Number of shares (Crores),1.95,1.97,1.62,2.24,2.44,
- Per. of shares (as a % of the total sh. of prom. and promoter group),40.72,41.26,36.30,50.41,54.91,
- Per. of shares (as a % of the total Share Cap. of the company),13.99,14.17,11.89,16.69,18.18,
b) Non-encumbered,,,,,,
- Number of shares (Crores).,2.83,2.81,2.84,2.21,2.01,
- Per. of shares (as a % of the total sh. of prom. and promoter group).,59.28,58.74,63.70,49.59,45.09,
- Per. of shares (as a % of the total Share Cap. of the company).,20.36,20.18,20.87,16.41,14.93,
