Quarterly Results of Apollo Hospitals Enterprises (in Rs. Cr.),Sep '16,Jun '16,Mar '16,Dec '15,Sep '15,
Net Sales/Income from operations,"1,634.10","1,465.43","1,447.86","1,425.00","1,409.73",
Other Operating Income,--,--,--,--,--,
Total Income From Operations,"1,634.10","1,465.43","1,447.86","1,425.00","1,409.73",
EXPENDITURE,,,,,,
Consumption of Raw Materials,282.74,295.53,270.47,258.60,267.26,
Purchase of Traded Goods,556.68,492.09,451.31,462.03,470.78,
Increase/Decrease in Stocks,6.63,-28.74,8.66,14.03,-8.19,
Power & Fuel,--,--,--,--,--,
Employees Cost,230.92,215.45,223.02,219.73,202.30,
depreciat,60.30,55.73,48.53,53.78,49.54,
Excise Duty,--,--,--,--,--,
Admin. And Selling Expenses,58.10,49.41,--,48.65,44.87,
R & D Expenses,--,--,--,--,--,
Provisions And Contingencies,--,--,--,--,--,
Exp. Capitalised,--,--,--,--,--,
Other Expenses,277.12,254.81,312.25,236.25,236.50,
"P/L Before Other Inc. , Int., Excpt. Items & Tax",161.61,131.15,133.62,131.93,146.67,
Other Income,9.44,5.30,9.48,66.19,0.94,
"P/L Before Int., Excpt. Items & Tax",171.05,136.45,143.10,198.12,147.61,
Interest,46.88,44.38,43.83,32.03,30.85,
P/L Before Exceptional Items & Tax,124.17,92.07,99.27,166.09,116.76,
Exceptional Items,--,--,--,-25.68,--,
P/L Before Tax,124.17,92.07,99.27,140.41,116.76,
Tax,32.18,19.90,17.96,18.08,27.21,
P/L After Tax from Ordinary Activities,91.99,72.17,81.31,122.33,89.55,
Prior Year Adjustments,--,--,--,--,--,
Extra Ordinary Items,--,--,--,--,--,
Net Profit/(Loss) For the Period,91.99,72.17,81.31,122.33,89.55,
Equity Share Capital,69.56,69.56,69.56,69.56,69.56,
Reserves Excluding Revaluation Reserves,--,--,--,--,--,
Equity Dividend Rate (%),--,--,--,--,--,
EPS Before Extra Ordinary,,,,,,
Basic EPS,6.61,5.19,5.84,8.79,6.44,
Diluted EPS,6.61,5.19,5.84,8.79,6.44,
EPS After Extra Ordinary,,,,,,
Basic EPS.,6.61,5.19,5.84,8.79,6.44,
Diluted EPS.,6.61,5.19,5.84,8.79,6.44,
Public Share Holding,,,,,,
No Of Shares (Crores),--,--,--,--,--,
Share Holding (%),--,--,--,--,--,
Promoters and Promoter Group Shareholding,,,,,,
a) Pledged/Encumbered,,,,,,
- Number of shares (Crores),--,--,--,--,--,
- Per. of shares (as a % of the total sh. of prom. and promoter group),--,--,--,--,--,
- Per. of shares (as a % of the total Share Cap. of the company),--,--,--,--,--,
b) Non-encumbered,,,,,,
- Number of shares (Crores).,--,--,--,--,--,
- Per. of shares (as a % of the total sh. of prom. and promoter group).,--,--,--,--,--,
- Per. of shares (as a % of the total Share Cap. of the company).,--,--,--,--,--,
